{
  "samples": 200,
  "geodesic": {
    "accuracy_exact": 0.415,
    "precision": 0.8725,
    "recall": 0.7758333333333333,
    "f1": 0.7835000000000004,
    "jaccard": 0.6983333333333335,
    "hallucination_rate": 0.1275,
    "omission_rate": 0.22416666666666674
  },
  "stock": {
    "accuracy_exact": 0.415,
    "precision": 0.8566666666666667,
    "recall": 0.7891666666666666,
    "f1": 0.7828333333333337,
    "jaccard": 0.6991666666666668,
    "hallucination_rate": 0.1433333333333333,
    "omission_rate": 0.21083333333333343
  },
  "phantom_index": 0.2328003944306532,
  "margin": 0.16338225218810964,
  "center": [
    0.6771048433401671,
    0.22990605708632927
  ],
  "sigma": 1.1466860982600948,
  "plot_raw": "manifold_pca3_mesh_warped.png",
  "plot_fitted": "manifold_pca3_mesh_warped_fit.png",
  "geometry": {
    "fit_quantile": 0.65,
    "rbf_bw": 0.3,
    "core_k": 0.18,
    "core_p": 1.7,
    "core_r0_frac": 0.14,
    "blend_core": 0.25,
    "template_D": 1.2,
    "template_p": 1.6,
    "n_theta": 160,
    "n_r": 220
  },
  "parser_prior": {
    "use_funnel_prior": true,
    "alpha": 0.05,
    "beta_s": 0.25,
    "q_s": 2,
    "tau_rel": 0.6,
    "tau_abs_q": 0.93,
    "null_K": 40
  },
  "calib_samples": 200,
  "csv": "a_funnel.csv"
}