{
  "acc": 0.39,
  "grid": 0.516875,
  "P": 0.8116666666666668,
  "R": 0.7183333333333332,
  "F1": 0.7173333333333332,
  "J": 0.6333333333333335,
  "H": 0.18833333333333332,
  "O": 0.28166666666666673,
  "margin_mu": -0.293553112316982,
  "margin_min": -2.329213500636838,
  "PI": 0.9699802163608059
}