{
  "acc": 0.34,
  "grid": 0.479375,
  "P": 0.9033333333333334,
  "R": 0.6933333333333332,
  "F1": 0.7453333333333334,
  "J": 0.6433333333333333,
  "H": 0.09666666666666668,
  "O": 0.30666666666666664,
  "margin_mu": 0.005423901047394511,
  "margin_min": -0.9932904050095708,
  "PI": 0.9453060712359335
}