{
  "acc": 0.23,
  "grid": 0.39015625,
  "P": 0.815,
  "R": 0.4216666666666668,
  "F1": 0.5266666666666665,
  "J": 0.4100000000000002,
  "H": 0.185,
  "O": 0.5783333333333329,
  "margin_mu": -0.0700919579866718,
  "margin_min": -3.894662959636988,
  "PI": 0.946658680782655
}