{
  "mode": "ngf",
  "model": "gpt2",
  "split": "validation",
  "n": 1000,
  "accuracy": 0.318,
  "correct": 318,
  "elapsed_sec": 307.17868208885193,
  "device": "cpu",
  "ngf_status": "NGF attached via ngf_hooks_v2:attach_ngf_hooks with cfg={'tap': -9, 'alpha0': 0.06, 'alpha_min': 0.012, 'trend_tau': 0.3, 'k_tr': 12, 'use_detect': 1, 'detect_width': 22, 'detect_sigma': 4.5, 'null_K': 32, 'null_q': 0.92, 'k_det': 8, 's_latch': 0.35, 'linger': 3, 'ema_center_beta': 0.04, 'gen_mode': 'geo', 'save_hidden': 1, 'hidden_dump_dir': 'results/renoV2'}",
  "metrics": {
    "accuracy_top1": 0.318,
    "accuracy_top2": 0.598,
    "macro": {
      "precision": 0.3177557075904383,
      "recall": 0.3187058504906381,
      "f1": 0.3179654156583806
    },
    "micro": {
      "precision": 0.31799999999999967,
      "recall": 0.31799999999999967,
      "f1": 0.31799999999999984
    },
    "per_class": [
      {
        "precision": 0.3120000000000027,
        "recall": 0.2965779467680635,
        "f1": 0.304093567250965
      },
      {
        "precision": 0.3134920634920662,
        "recall": 0.34051724137931316,
        "f1": 0.3264462809912392
      },
      {
        "precision": 0.3359073359073384,
        "recall": 0.34523809523809784,
        "f1": 0.3405088062617336
      },
      {
        "precision": 0.30962343096234596,
        "recall": 0.2924901185770779,
        "f1": 0.30081300812958456
      }
    ],
    "confusion_matrix": [
      [
        78,
        65,
        63,
        57
      ],
      [
        54,
        79,
        47,
        52
      ],
      [
        62,
        47,
        87,
        56
      ],
      [
        56,
        61,
        62,
        74
      ]
    ],
    "calibration": {
      "ece_10": 0.1147058383790189,
      "brier": 0.7469856045886379,
      "mean_margin": 0.15794774220848642,
      "entropy": 1.2356184310933171
    },
    "overconfidence_rate": {
      "wrong_p>=0.90": 0.0,
      "wrong_p>=0.70": 0.005
    }
  }
}