{
  "mode": "ngf",
  "model": "gpt2",
  "split": "validation",
  "n": 1000,
  "accuracy": 0.33,
  "correct": 330,
  "elapsed_sec": 365.8341643810272,
  "device": "cpu",
  "ngf_status": "NGF attached via ngf_hooks_v1:attach_ngf_hooks with cfg={'tap': -9, 'alpha0': 0.06, 'alpha_min': 0.012, 'trend_tau': 0.3, 'k_tr': 12, 'use_detect': 1, 'detect_width': 22, 'detect_sigma': 4.5, 'null_K': 32, 'null_q': 0.92, 'k_det': 8, 's_latch': 0.35, 'linger': 3, 'ema_center_beta': 0.04, 'gen_mode': 'geo', 'save_hidden': 1, 'hidden_dump_dir': 'results/renoPX'}",
  "metrics": {
    "accuracy_top1": 0.33,
    "accuracy_top2": 0.603,
    "macro": {
      "precision": 0.3295026540914172,
      "recall": 0.3298976196024609,
      "f1": 0.32957147813306903
    },
    "micro": {
      "precision": 0.3299999999999997,
      "recall": 0.3299999999999997,
      "f1": 0.32999999999999985
    },
    "per_class": [
      {
        "precision": 0.33333333333333576,
        "recall": 0.3384030418250975,
        "f1": 0.335849056603276
      },
      {
        "precision": 0.31275720164609333,
        "recall": 0.3275862068965546,
        "f1": 0.3199999999995031
      },
      {
        "precision": 0.3596837944664057,
        "recall": 0.36111111111111366,
        "f1": 0.36039603960346295
      },
      {
        "precision": 0.3122362869198341,
        "recall": 0.2924901185770779,
        "f1": 0.30204081632603397
      }
    ],
    "confusion_matrix": [
      [
        89,
        64,
        51,
        59
      ],
      [
        54,
        76,
        47,
        55
      ],
      [
        63,
        49,
        91,
        49
      ],
      [
        61,
        54,
        64,
        74
      ]
    ],
    "calibration": {
      "ece_10": 0.10610354941035915,
      "brier": 0.7496844004013768,
      "mean_margin": 0.16098478802672234,
      "entropy": 1.2279107639610065
    },
    "overconfidence_rate": {
      "wrong_p>=0.90": 0.0,
      "wrong_p>=0.70": 0.008
    }
  }
}