{
  "mode": "ngf",
  "model": "gpt2",
  "split": "validation",
  "n": 100,
  "accuracy": 0.31,
  "correct": 31,
  "elapsed_sec": 27.6342191696167,
  "device": "cpu",
  "ngf_status": "NGF attached via ngf_hooks_v2:attach_ngf_hooks with cfg={'tap': -9, 'alpha0': 0.06, 'alpha_min': 0.012, 'trend_tau': 0.3, 'k_tr': 12, 'use_detect': 1, 'detect_width': 22, 'detect_sigma': 4.5, 'null_K': 32, 'null_q': 0.92, 'k_det': 8, 's_latch': 0.35, 'linger': 3, 'ema_center_beta': 0.04, 'gen_mode': 'geo', 'save_hidden': 1, 'hidden_dump_dir': 'results/maxwarpC_tap9_s0'}",
  "metrics": {
    "accuracy_top1": 0.31,
    "accuracy_top2": 0.62,
    "macro": {
      "precision": 0.3131168831169107,
      "recall": 0.3095813204509135,
      "f1": 0.30973928032704623
    },
    "micro": {
      "precision": 0.3099999999999969,
      "recall": 0.3099999999999969,
      "f1": 0.30999999999999844
    },
    "per_class": [
      {
        "precision": 0.21428571428574236,
        "recall": 0.26086956521742344,
        "f1": 0.23529411764659364
      },
      {
        "precision": 0.3181818181818492,
        "recall": 0.2592592592592867,
        "f1": 0.2857142857138201
      },
      {
        "precision": 0.400000000000024,
        "recall": 0.3703703703703937,
        "f1": 0.3846153846149091
      },
      {
        "precision": 0.3200000000000272,
        "recall": 0.34782608695655015,
        "f1": 0.3333333333328621
      }
    ],
    "confusion_matrix": [
      [
        6,
        9,
        4,
        4
      ],
      [
        7,
        7,
        5,
        8
      ],
      [
        8,
        4,
        10,
        5
      ],
      [
        7,
        2,
        6,
        8
      ]
    ],
    "calibration": {
      "ece_10": 0.14093358370453435,
      "brier": 0.7350840481802661,
      "mean_margin": 0.1592002631812569,
      "entropy": 1.2363575208276636
    },
    "overconfidence_rate": {
      "wrong_p>=0.90": 0.0,
      "wrong_p>=0.70": 0.03
    }
  }
}