{
  "mode": "ngf",
  "model": "gpt2",
  "split": "validation",
  "n": 1000,
  "accuracy": 0.273,
  "correct": 273,
  "elapsed_sec": 559.946613073349,
  "device": "cpu",
  "ngf_status": "NGF attached via ngf_hooks:attach_ngf_hooks with cfg={'tap': -9, 'alpha0': 0.05, 'alpha_min': 0.006, 'trend_tau': 0.32, 'k_tr': 12, 'use_detect': 1, 'detect_width': 20, 'detect_sigma': 5.0, 'null_K': 32, 'null_q': 0.92, 'k_det': 8, 's_latch': 0.3, 'linger': 2, 'ema_center_beta': 0.05, 'gen_mode': 'geo'}",
  "metrics": {
    "accuracy_top1": 0.273,
    "accuracy_top2": 0.53,
    "macro": {
      "precision": 0.27330725257741234,
      "recall": 0.2728880509068985,
      "f1": 0.27288067324043264
    },
    "micro": {
      "precision": 0.27299999999999974,
      "recall": 0.27299999999999974,
      "f1": 0.27299999999999985
    },
    "per_class": [
      {
        "precision": 0.30204081632653346,
        "recall": 0.28136882129277835,
        "f1": 0.29133858267666873
      },
      {
        "precision": 0.250000000000003,
        "recall": 0.2715517241379342,
        "f1": 0.2603305785119006
      },
      {
        "precision": 0.2804878048780517,
        "recall": 0.27380952380952667,
        "f1": 0.27710843373444277
      },
      {
        "precision": 0.2607003891050612,
        "recall": 0.2648221343873547,
        "f1": 0.2627450980387186
      }
    ],
    "confusion_matrix": [
      [
        74,
        67,
        58,
        64
      ],
      [
        56,
        63,
        53,
        60
      ],
      [
        64,
        53,
        69,
        66
      ],
      [
        51,
        69,
        66,
        67
      ]
    ],
    "calibration": {
      "ece_10": 0.17096373926877356,
      "brier": 0.8088567276957835,
      "mean_margin": 0.17508165289611113,
      "entropy": 1.2237328951431719
    },
    "overconfidence_rate": {
      "wrong_p>=0.90": 0.0,
      "wrong_p>=0.70": 0.013
    }
  }
}