{
  "mode": "ngf",
  "model": "gpt2",
  "split": "validation",
  "n": 100,
  "accuracy": 0.31,
  "correct": 31,
  "elapsed_sec": 28.359926223754883,
  "device": "cpu",
  "ngf_status": "NGF attached via ngf_hooks_v2:attach_ngf_hooks with cfg={'tap': -9, 'alpha0': 0.06, 'alpha_min': 0.012, 'trend_tau': 0.3, 'k_tr': 12, 'use_detect': 1, 'detect_width': 22, 'detect_sigma': 4.5, 'null_K': 32, 'null_q': 0.92, 'k_det': 8, 's_latch': 0.35, 'linger': 3, 'ema_center_beta': 0.04, 'gen_mode': 'geo', 'save_hidden': 1, 'hidden_dump_dir': 'results/maxwarpC_tap9_s2'}",
  "metrics": {
    "accuracy_top1": 0.31,
    "accuracy_top2": 0.62,
    "macro": {
      "precision": 0.3142066267066542,
      "recall": 0.3095813204509135,
      "f1": 0.30992396958736623
    },
    "micro": {
      "precision": 0.3099999999999969,
      "recall": 0.3099999999999969,
      "f1": 0.30999999999999844
    },
    "per_class": [
      {
        "precision": 0.21428571428574236,
        "recall": 0.26086956521742344,
        "f1": 0.23529411764659364
      },
      {
        "precision": 0.3181818181818492,
        "recall": 0.2592592592592867,
        "f1": 0.2857142857138201
      },
      {
        "precision": 0.416666666666691,
        "recall": 0.3703703703703937,
        "f1": 0.3921568627446237
      },
      {
        "precision": 0.30769230769233435,
        "recall": 0.34782608695655015,
        "f1": 0.32653061224442737
      }
    ],
    "confusion_matrix": [
      [
        6,
        9,
        4,
        4
      ],
      [
        7,
        7,
        4,
        9
      ],
      [
        8,
        4,
        10,
        5
      ],
      [
        7,
        2,
        6,
        8
      ]
    ],
    "calibration": {
      "ece_10": 0.1409135259753229,
      "brier": 0.7349127924865219,
      "mean_margin": 0.15930086763804577,
      "entropy": 1.2364704898042462
    },
    "overconfidence_rate": {
      "wrong_p>=0.90": 0.0,
      "wrong_p>=0.70": 0.03
    }
  }
}