{
  "mode": "ngf",
  "model": "gpt2",
  "split": "validation",
  "n": 100,
  "accuracy": 0.28,
  "correct": 28,
  "elapsed_sec": 28.294048070907593,
  "device": "cpu",
  "ngf_status": "NGF attached via ngf_hooks_v2:attach_ngf_hooks with cfg={'tap': -9, 'alpha0': 0.06, 'alpha_min': 0.012, 'trend_tau': 0.3, 'k_tr': 12, 'use_detect': 1, 'detect_width': 22, 'detect_sigma': 4.5, 'null_K': 32, 'null_q': 0.92, 'k_det': 8, 's_latch': 0.35, 'linger': 3, 'ema_center_beta': 0.04, 'gen_mode': 'geo', 'save_hidden': 1, 'hidden_dump_dir': 'results/maxwarpA'}",
  "metrics": {
    "accuracy_top1": 0.28,
    "accuracy_top2": 0.65,
    "macro": {
      "precision": 0.2831527093596349,
      "recall": 0.2785829307568729,
      "f1": 0.27884615384568684
    },
    "micro": {
      "precision": 0.2799999999999972,
      "recall": 0.2799999999999972,
      "f1": 0.2799999999999986
    },
    "per_class": [
      {
        "precision": 0.2068965517241653,
        "recall": 0.26086956521742344,
        "f1": 0.23076923076876704
      },
      {
        "precision": 0.2857142857143198,
        "recall": 0.22222222222225105,
        "f1": 0.2499999999995391
      },
      {
        "precision": 0.400000000000024,
        "recall": 0.3703703703703937,
        "f1": 0.3846153846149091
      },
      {
        "precision": 0.2400000000000304,
        "recall": 0.26086956521742344,
        "f1": 0.24999999999953212
      }
    ],
    "confusion_matrix": [
      [
        6,
        9,
        3,
        5
      ],
      [
        7,
        6,
        5,
        9
      ],
      [
        8,
        4,
        10,
        5
      ],
      [
        8,
        2,
        7,
        6
      ]
    ],
    "calibration": {
      "ece_10": 0.18502293406397957,
      "brier": 0.7382892145950596,
      "mean_margin": 0.15684999566299435,
      "entropy": 1.23661418383292
    },
    "overconfidence_rate": {
      "wrong_p>=0.90": 0.0,
      "wrong_p>=0.70": 0.03
    }
  }
}