{
  "mode": "ngf",
  "model": "gpt2",
  "split": "validation",
  "n": 1000,
  "accuracy": 0.325,
  "correct": 325,
  "elapsed_sec": 349.1051640510559,
  "device": "cpu",
  "ngf_status": "NGF attached via ngf_hooks_v1_denoise:attach_ngf_hooks with cfg={'tap': -9, 'alpha0': 0.06, 'alpha_min': 0.012, 'trend_tau': 0.3, 'k_tr': 12, 'use_detect': 1, 'detect_width': 22, 'detect_sigma': 4.5, 'null_K': 32, 'null_q': 0.92, 'k_det': 8, 's_latch': 0.35, 'linger': 3, 'ema_center_beta': 0.04, 'gen_mode': 'geo', 'save_hidden': 1, 'hidden_dump_dir': 'results/renoDN'}",
  "metrics": {
    "accuracy_top1": 0.325,
    "accuracy_top2": 0.598,
    "macro": {
      "precision": 0.32493474811720385,
      "recall": 0.32567863970176386,
      "f1": 0.3250044960224544
    },
    "micro": {
      "precision": 0.3249999999999997,
      "recall": 0.3249999999999997,
      "f1": 0.32499999999999984
    },
    "per_class": [
      {
        "precision": 0.3160000000000027,
        "recall": 0.30038022813688475,
        "f1": 0.3079922027285478
      },
      {
        "precision": 0.31746031746032016,
        "recall": 0.34482758620689935,
        "f1": 0.3305785123961978
      },
      {
        "precision": 0.3371647509578569,
        "recall": 0.3492063492063518,
        "f1": 0.34307992202679316
      },
      {
        "precision": 0.3291139240506357,
        "recall": 0.3083003952569197,
        "f1": 0.3183673469382788
      }
    ],
    "confusion_matrix": [
      [
        79,
        65,
        65,
        54
      ],
      [
        55,
        80,
        47,
        50
      ],
      [
        61,
        48,
        88,
        55
      ],
      [
        55,
        59,
        61,
        78
      ]
    ],
    "calibration": {
      "ece_10": 0.10750091120781106,
      "brier": 0.7461919322611181,
      "mean_margin": 0.15786388774309135,
      "entropy": 1.2351936343393617
    },
    "overconfidence_rate": {
      "wrong_p>=0.90": 0.0,
      "wrong_p>=0.70": 0.005
    }
  }
}