{
  "phantom_index": 0.0,
  "margin_norm": 0.0,
  "S_median": 0.22718465442746108,
  "r_trend_tokens": 0.7555555555555555
}