{
  "model": "gpt2",
  "tap": -3,
  "gates": {
    "pi_max": 0.1,
    "margin_min": 0.04,
    "S_median_min": 0.55,
    "r_trend_min": 0.9
  },
  "center": [
    1.1705263756438498,
    0.48743930844362704
  ],
  "warp": {
    "sigma": 1.754541127201806,
    "local_radius": 1.2,
    "depth_scale": 1.35,
    "mix_z": 0.12
  },
  "phantom": {
    "mode": "depth_weighted",
    "beta": 6.5,
    "nms_radius": 6
  },
  "pre": {
    "phantom_index": 0.9090909090909091,
    "margin_norm": 0.03607634044061972,
    "S_median": 0.12611246140948673,
    "debug": {
      "n_all": 11,
      "n_after_nms": 11,
      "U_rng": 0.039790136140764015
    }
  },
  "post": {
    "phantom_index": 0.9,
    "margin_norm": 0.21650354838269112,
    "S_median": 0.2151579460378408,
    "r_trend_tokens": 0.4523949140172026,
    "debug": {
      "n_all": 11,
      "n_after_nms": 10,
      "U_rng": 0.05527749725279143
    }
  },
  "improve": {
    "d_phantom_index": -0.009090909090909038,
    "d_margin_norm": 0.1804272079420714,
    "d_S_median": 0.08904548462835407
  },
  "hist": {
    "pi": [
      0.9090909090909091,
      0.8888888888888888,
      0.9166666666666666,
      0.9090909090909091,
      0.9166666666666666,
      0.875,
      0.875,
      0.8333333333333334,
      0.8333333333333334,
      0.75,
      0.8,
      0.75,
      0.5,
      0.5,
      0.5,
      0.6666666666666666,
      0.5,
      0.6666666666666666,
      0.5,
      0.5,
      0.6666666666666666,
      0.5,
      0.5,
      0.5,
      0.0,
      0.0,
      0.0,
      0.5,
      0.5,
      0.0,
      0.6666666666666666,
      0.6666666666666666,
      0.6666666666666666,
      0.75,
      0.75,
      0.8,
      0.8,
      0.6666666666666666,
      0.75,
      0.8,
      0.75,
      0.8333333333333334,
      0.8,
      0.875,
      0.8571428571428571,
      0.8,
      0.875,
      0.875,
      0.8571428571428571,
      0.9,
      0.9166666666666666,
      0.9090909090909091,
      0.9
    ],
    "margin": [
      0.9928730468340602,
      0.001025790814754333,
      0.0011268637421970413,
      0.0046990136382278,
      0.004751718024103721,
      0.006288076669465252,
      0.02075162094942435,
      0.01729073850088733,
      0.0185028802519466,
      0.020496794715011216,
      0.7300459707120106,
      0.5795388990493934,
      0.4068736430726794,
      0.5798268363938194,
      0.8490164774541518,
      0.3138817799859557,
      0.9725545163302299,
      0.4616990272774752,
      0.9658090863941995,
      0.9688094604186772,
      0.5941423057250542,
      0.6493149077445145,
      0.7216593129326638,
      0.7007610587939673,
      0.0,
      0.0,
      0.0,
      0.8096812125539167,
      0.8440527243940088,
      0.0,
      0.8448041776188303,
      0.7799613523253262,
      0.6924317272941296,
      0.5972769588496699,
      0.5259957766437567,
      0.5403896018004185,
      0.2039330212586173,
      0.2510276064055359,
      0.36854810650569336,
      0.14310358685042637,
      0.19035707031858629,
      0.6208385334736726,
      0.565113721215576,
      0.3531918969982287,
      0.003513312627784763,
      0.17580286979612175,
      0.35031058062861176,
      0.19600365040818057,
      0.28937069907351737,
      0.1399213783497405,
      0.1457359147385427,
      0.11586648383125257,
      0.21650354838269112
    ],
    "R": [
      1.9758530328127695,
      1.5912015495630378,
      1.412206296592402,
      1.2494771473188677,
      1.1004312933755895,
      0.9678927853647264,
      0.854931813914725,
      0.750601582886837,
      0.6633132914079677,
      0.5872102001910088,
      0.5231049260303977,
      0.4639890320310045,
      0.4144849071528868,
      0.3721607701263133,
      0.33432335506920846,
      0.3009052495493619,
      0.2708828722445611,
      0.2441100631152026,
      0.21843656198263733,
      0.1985113728605186,
      0.17794171815973525,
      0.1605603252778476,
      0.14501665505490116,
      0.13007791850600714,
      0.11643073366457556,
      0.10639268498036861,
      0.09669998174117403,
      0.08842745745898034,
      0.07871803423143851,
      0.07233035182444901,
      0.0676361687745811,
      0.06219840090663389,
      0.05601893063111759,
      0.052027100565098364,
      0.048740984637017135,
      0.046966862919913775,
      0.04388584514647405,
      0.0402964007206156,
      0.03754315285709394,
      0.03643759870535402,
      0.03444939750613116,
      0.03340216985239009,
      0.03187576394247109,
      0.03091241535902137,
      0.029409082318703365,
      0.027399471336502976,
      0.027231570422573383,
      0.026689352753597784,
      0.02548478171983072,
      0.02404530796407971,
      0.024500006625230778,
      0.023114766582119785,
      0.02205889246848632
    ],
    "snr": [
      0.0,
      2.242068759944198,
      1.4043248267154116,
      1.9916963020951741,
      2.2369440270391063,
      1.9972450225853784,
      1.8092108760650516,
      2.1978520840336007,
      2.1541452018077267,
      2.0333338730507715,
      1.233721568244489,
      1.2902473321931933,
      1.5805767435777462,
      1.2058788238255178,
      1.1477855239943537,
      1.3073376534089143,
      1.2498634235639965,
      1.1032843383807958,
      1.421682333742051,
      1.2839031877923737,
      1.5797142391493737,
      1.4745378240266782,
      1.1655482421399266,
      1.4416800150037121,
      1.6847531859893436,
      1.0365410354882176,
      1.2080771001408488,
      0.9756827948172984,
      1.7610518345793782,
      1.1345986812820246,
      0.5674398150445761,
      1.4653073052897614,
      0.9269118877045579,
      0.8249682609705385,
      0.6931777193461861,
      -0.03285327657089007,
      0.8072350684762803,
      1.1122703297122718,
      0.9224863414398842,
      0.360324354007519,
      -0.16205660764908203,
      0.13438645915357197,
      0.35717243838373913,
      -0.604376969617114,
      0.7459424739168757,
      0.5385570196855446,
      -0.5465902716925918,
      0.0014952414411905438,
      0.22180342397913494,
      0.3098748385039744,
      -0.22977697929770854,
      0.24027400286604006,
      -0.4227959312993912
    ]
  },
  "go_pre": false,
  "go_post": false
}