{
  "model": "gpt2",
  "tap": -3,
  "gates": {
    "pi_max": 0.1,
    "margin_min": 0.04,
    "S_median_min": 0.55,
    "r_trend_min": 0.9
  },
  "center": [
    1.1705263756438498,
    0.48743930844362704
  ],
  "warp": {
    "sigma": 2.709217916458671,
    "local_radius": 2.1,
    "depth_scale": 1.35,
    "mix_z": 0.12
  },
  "phantom": {
    "mode": "depth_weighted",
    "beta": 6.0,
    "nms_radius": 11
  },
  "pre": {
    "phantom_index": 0.8888888888888888,
    "margin_norm": 0.02449277302376155,
    "S_median": 0.12611246140948673,
    "debug": {
      "n_all": 11,
      "n_after_nms": 9,
      "U_rng": 0.04078917617463559
    }
  },
  "post": {
    "phantom_index": 0.8571428571428571,
    "margin_norm": 0.318578311632662,
    "S_median": 0.22056211247829657,
    "r_trend_tokens": 0.44957011275246805,
    "debug": {
      "n_all": 13,
      "n_after_nms": 7,
      "U_rng": 0.05400937886626002
    }
  },
  "improve": {
    "d_phantom_index": -0.031746031746031744,
    "d_margin_norm": 0.2940855386089004,
    "d_S_median": 0.09444965106880984
  },
  "hist": {
    "pi": [
      0.8888888888888888,
      0.875,
      0.8571428571428571,
      0.8333333333333334,
      0.8333333333333334,
      0.8333333333333334,
      0.8333333333333334,
      0.8333333333333334,
      0.8,
      0.75,
      0.75,
      0.75,
      0.75,
      0.75,
      0.8,
      0.75,
      0.8,
      0.75,
      0.75,
      0.8,
      0.75,
      0.75,
      0.75,
      0.75,
      0.8,
      0.6666666666666666,
      0.6666666666666666,
      0.5,
      0.6666666666666666,
      0.6666666666666666,
      0.6666666666666666,
      0.6666666666666666,
      0.6666666666666666,
      0.6666666666666666,
      0.6666666666666666,
      0.6666666666666666,
      0.6666666666666666,
      0.5,
      0.5,
      0.5,
      0.5,
      0.5,
      0.5,
      0.5,
      0.5,
      0.5,
      0.5,
      0.5,
      0.75,
      0.6666666666666666,
      0.6666666666666666,
      0.6666666666666666,
      0.6666666666666666,
      0.6666666666666666,
      0.6666666666666666,
      0.75,
      0.6666666666666666,
      0.6666666666666666,
      0.5,
      0.6666666666666666,
      0.8,
      0.8,
      0.8333333333333334,
      0.75,
      0.8,
      0.75,
      0.8,
      0.75,
      0.8,
      0.8333333333333334,
      0.8333333333333334,
      0.8571428571428571,
      0.8571428571428571
    ],
    "margin": [
      0.9886553718683951,
      0.986188105441964,
      0.005035247511558484,
      0.00033825404622354286,
      0.0014809843035815127,
      0.003038854033407041,
      0.016481222276914623,
      0.02021711700182698,
      0.016943810531754217,
      0.02795302220302427,
      0.039701487109886725,
      0.05696556742508002,
      0.09779458987149103,
      0.07755147048154463,
      0.6234380020392517,
      0.14750545901417955,
      0.5690517261181991,
      0.23738380937613193,
      0.2913027281982767,
      0.27552261271680506,
      0.4083526873396463,
      0.49036236418161766,
      0.4472431195310487,
      0.6258513491511094,
      0.5156951946588121,
      0.4621050011833814,
      0.5492490917244734,
      0.8644150996972861,
      0.5993304809830451,
      0.6471687015380774,
      0.6245347491478085,
      0.6926552715774901,
      0.8098804443710704,
      0.7734095341071549,
      0.8013174584756552,
      0.8577005404433473,
      0.88198130159683,
      0.9220603535231754,
      0.9198318298834581,
      0.9008959940773731,
      0.9310389260436099,
      0.9417292980205625,
      0.9458241737201223,
      0.9479402164177178,
      0.9197156667664635,
      0.9579298390885259,
      0.9616194252962721,
      0.9693816402334363,
      0.4799548602551353,
      0.9597825770442999,
      0.9732330914237106,
      0.9673928919518751,
      0.9646600391627725,
      0.9774401168266269,
      0.975801044993431,
      0.6050612764065695,
      0.960137176183227,
      0.9586117984690223,
      0.9908867611968291,
      0.7383970949305733,
      0.7197379440791732,
      0.33518674658349323,
      0.20827521876708613,
      0.17206533023890483,
      0.46781291481972875,
      0.42280792122775923,
      0.4988001953294148,
      0.23307634887515302,
      0.6633259455200629,
      0.3322635918095906,
      0.6768449120398617,
      0.38062220049072054,
      0.318578311632662
    ],
    "R": [
      1.9758530328127695,
      1.7764469900215596,
      1.668195200492611,
      1.5680078418720458,
      1.474265518211128,
      1.381328829246936,
      1.292313323513589,
      1.2129364559144475,
      1.137993456215477,
      1.0642731112155221,
      0.999675501909873,
      0.9404473653529858,
      0.8865892054221359,
      0.8343866886482068,
      0.7839523092973534,
      0.736926865321868,
      0.6945750547102043,
      0.6531002145884781,
      0.6120590930295091,
      0.5765184917769182,
      0.5438058891227386,
      0.5141203663732871,
      0.4853100578113993,
      0.4568319961508338,
      0.4290384370707736,
      0.4049367876942646,
      0.38388799680052105,
      0.3624817002336618,
      0.3425546455925346,
      0.321751491100313,
      0.30301637140575555,
      0.285958608524089,
      0.26838678391990034,
      0.2538114723639333,
      0.2390549608259257,
      0.22634421930636936,
      0.21343499888976883,
      0.20176026679625744,
      0.1900457352624216,
      0.17847018537214687,
      0.16828212478417137,
      0.1591665078920062,
      0.15044416990256929,
      0.14258648914273134,
      0.13331114680069492,
      0.12474236656806818,
      0.1180283838357434,
      0.11032536633541999,
      0.10492960986092797,
      0.09820098871136655,
      0.09431918318996904,
      0.09004884583691049,
      0.08616827192926335,
      0.08007618583745021,
      0.07754205753876363,
      0.0741690991950576,
      0.06969425079018735,
      0.06744779565258037,
      0.06651537130256628,
      0.06554862677523086,
      0.06386411878295327,
      0.06196894523965522,
      0.05934256464957467,
      0.05671654854598362,
      0.05551146008487196,
      0.05148501668522052,
      0.0503124610174545,
      0.04887631549854935,
      0.04738141624554795,
      0.04648289369024283,
      0.04312412497431214,
      0.040659050108579446,
      0.03950266185610999
    ],