{
  "model": "gpt2",
  "tap": -4,
  "gates": {
    "pi_max": 0.1,
    "margin_min": 0.04,
    "S_median_min": 0.55,
    "r_trend_min": 0.9
  },
  "center": [
    1.161968508491418,
    -0.5444592711685018
  ],
  "warp": {
    "sigma": 2.337304395328095,
    "local_radius": 1.8,
    "depth_scale": 1.35,
    "mix_z": 0.12
  },
  "phantom": {
    "mode": "depth_weighted",
    "beta": 5.0,
    "nms_radius": 9
  },
  "pre": {
    "phantom_index": 0.9,
    "margin_norm": 0.10233832686409372,
    "S_median": 0.1252600082104652,
    "debug": {
      "n_all": 11,
      "n_after_nms": 10,
      "U_rng": 0.2525017598549455
    }
  },
  "post": {
    "phantom_index": 0.5,
    "margin_norm": 0.24592109573295656,
    "S_median": 0.1351817088065213,
    "r_trend_tokens": 0.4690691223866975,
    "debug": {
      "n_all": 2,
      "n_after_nms": 2,
      "U_rng": 0.3192864163002397
    }
  },
  "improve": {
    "d_phantom_index": -0.4,
    "d_margin_norm": 0.14358276886886284,
    "d_S_median": 0.009921700596056099
  },
  "hist": {
    "pi": [
      0.9,
      0.8888888888888888,
      0.875,
      0.8571428571428571,
      0.8,
      0.8333333333333334,
      0.8333333333333334,
      0.8,
      0.8,
      0.75,
      0.8,
      0.75,
      0.8,
      0.75,
      0.6666666666666666,
      0.75,
      0.6666666666666666,
      0.6666666666666666,
      0.75,
      0.6666666666666666,
      0.75,
      0.75,
      0.75,
      0.75,
      0.6666666666666666,
      0.75,
      0.5,
      0.5,
      0.6666666666666666,
      0.5,
      0.5,
      0.0,
      0.5,
      0.0,
      0.0,
      0.5,
      0.5,
      0.5,
      0.5,
      0.5,
      0.0,
      0.0,
      0.0,
      0.5,
      0.0,
      0.0,
      0.5,
      0.5,
      0.5
    ],
    "margin": [
      0.9921478904099434,
      0.9909956573300528,
      0.9920444403837217,
      0.005077008414916067,
      0.0012640146484560102,
      2.5907342883422838e-05,
      2.0952167942296326e-05,
      0.014000988899505545,
      0.006198957241521536,
      0.01720714727304377,
      0.020997001003941196,
      0.035738905926316865,
      0.03168082285272594,
      0.031294769116201236,
      0.035166721455818596,
      0.005229496846086213,
      0.04661666644979712,
      0.0469819618228222,
      0.8320718190342372,
      0.02888224769559185,
      0.8140242535407507,
      0.7823678242870759,
      0.8083306161832229,
      0.7803381647239345,
      0.015172405903752392,
      0.7582549273247984,
      0.0031612275626841757,
      0.07675984077846848,
      0.634361671261881,
      0.07871052737434495,
      0.06648980717735502,
      0.0,
      0.5620306882477384,
      0.0,
      0.0,
      0.42015326730319685,
      0.18318394403011837,
      0.07279053386931635,
      0.03727901165296423,
      0.04789891601678246,
      0.0,
      0.0,
      0.0,
      0.1875331833497207,
      0.0,
      0.0,
      0.1665676829807119,
      0.21536871472561275,
      0.24592109573295656
    ],
    "R": [
      1.9131065319465999,
      1.675798227635439,
      1.5683238387974245,
      1.4735968945402846,
      1.379406493552858,
      1.2894290201074636,
      1.209201945317342,
      1.1364351367449197,
      1.0677801650434389,
      1.0069556318016715,
      0.9506639836920345,
      0.8933493655875011,
      0.8415663360601235,
      0.7904135798496721,
      0.7458822699030735,
      0.7024128266874871,
      0.662090728046519,
      0.6229318873471564,
      0.5885050340166429,
      0.5545104957096283,
      0.5240685301126902,
      0.4958397208374435,
      0.46825619680755604,
      0.4451213179955778,
      0.4192324270786123,
      0.3950413436023409,
      0.3728382644687936,
      0.35318631218656704,
      0.335002057147476,
      0.3194628048421826,
      0.30239517063599325,
      0.2860012382430716,
      0.2706720858333005,
      0.2573850008248425,
      0.24328529310496133,
      0.2314298534619982,
      0.21898201470533812,
      0.20844350333131256,
      0.1966618488379013,
      0.1870097372567016,
      0.1774267322663903,
      0.1691979647151539,
      0.16059602890962077,
      0.1527495469562151,
      0.14408930245755966,
      0.137607750462896,
      0.13063501905794409,
      0.12350295804197078,
      0.11618191708220289
    ],
    "snr": [
      0.0,
      1.35467466221592,
      1.35855218814633,
      0.8020905708306234,
      0.773632722056464,
      1.2923208433428917,
      1.306208228808333,
      0.7426878043994197,
      1.0285435680782633,
      0.6722636545555181,
      0.5895134287835517,
      0.7915204102834259,
      0.6940527107119707,
      0.7766727732284469,
      0.7183889700008925,
      0.7042826496179826,
      0.6574672914782194,
      0.6143826704914734,
      0.5975589054388621,
      0.6694185988009931,
      0.6829006137982835,
      0.6574797001846668,
      0.8548019556623847,
      0.5585167343373189,
      0.6986297851512864,
      0.9151389999577715,
      0.6594959884817769,
      0.6549323669074261,
      0.7895699320455715,
      0.45890942031056386,
      0.6803826383822993,
      0.7492482812470725,
      0.6032835799016354,
      0.5382503493133985,
      0.9589799777171927,
      0.7223758532342996,
      0.8682116022257924,
      0.8166698423428744,
      0.7610686471858926,
      0.7160988616400916,
      0.7536276401783113,
      0.7861935963680373,
      0.6714967008214873,
      0.9071845133604652,
      0.8401520526696293,
      0.7966044070627889,
      0.6158486743176145,
      0.9066322659469785,
      1.153384245275292
    ]
  },
  "go_pre": false,
  "go_post": false
}