{
  "model": "gpt2",
  "tap": -4,
  "gates": {
    "pi_max": 0.1,
    "margin_min": 0.04,
    "S_median_min": 0.55,
    "r_trend_min": 0.9
  },
  "center": [
    1.161968508491418,
    -0.5444592711685018
  ],
  "warp": {
    "sigma": 2.5833364368363156,
    "local_radius": 2.2,
    "depth_scale": 1.35,
    "mix_z": 0.12
  },
  "phantom": {
    "mode": "depth_weighted",
    "beta": 6.0,
    "nms_radius": 11
  },
  "pre": {
    "phantom_index": 0.9,
    "margin_norm": 0.04489348594241926,
    "S_median": 0.1252600082104652,
    "debug": {
      "n_all": 10,
      "n_after_nms": 10,
      "U_rng": 0.2277425867619831
    }
  },
  "post": {
    "phantom_index": 0.6666666666666666,
    "margin_norm": 0.12339575651232708,
    "S_median": 0.1384534233875882,
    "r_trend_tokens": 0.47223876524384034,
    "debug": {
      "n_all": 4,
      "n_after_nms": 3,
      "U_rng": 0.11156963004032233
    }
  },
  "improve": {
    "d_phantom_index": -0.2333333333333334,
    "d_margin_norm": 0.07850227056990783,
    "d_S_median": 0.013193415177122997
  },
  "hist": {
    "pi": [
      0.8888888888888888,
      0.875,
      0.8571428571428571,
      0.8571428571428571,
      0.875,
      0.8571428571428571,
      0.8333333333333334,
      0.8333333333333334,
      0.8333333333333334,
      0.8,
      0.8,
      0.8,
      0.75,
      0.75,
      0.75,
      0.75,
      0.75,
      0.75,
      0.6666666666666666,
      0.6666666666666666,
      0.6666666666666666,
      0.75,
      0.5,
      0.5,
      0.5,
      0.5,
      0.5,
      0.5,
      0.5,
      0.6666666666666666,
      0.6666666666666666,
      0.75,
      0.5,
      0.75,
      0.6666666666666666,
      0.0,
      0.0,
      0.5,
      0.5,
      0.0,
      0.5,
      0.5,
      0.5,
      0.5,
      0.5,
      0.5,
      0.0,
      0.0,
      0.5,
      0.0,
      0.0,
      0.0,
      0.0,
      0.0,
      0.6666666666666666,
      0.6666666666666666,
      0.5,
      0.5,
      0.6666666666666666,
      0.5,
      0.6666666666666666,
      0.6666666666666666,
      0.5,
      0.6666666666666666,
      0.6666666666666666
    ],
    "margin": [
      0.9943439790128971,
      0.9946985117272532,
      0.9902641676188841,
      0.9866654231496143,
      0.9798335130581907,
      0.9772389262576228,
      0.9776412228870452,
      0.9616019330733632,
      0.957363808874294,
      0.003380942239468673,
      0.00827896156604997,
      0.008834408334369338,
      0.0064106981644080005,
      0.0004669167332301518,
      0.006924923396093633,
      0.008253726782694804,
      0.010732075493196722,
      0.009367611070157884,
      0.034361372431630205,
      0.02332572295482987,
      0.017115279285889025,
      0.01369468203918177,
      0.02062293570308409,
      0.01105289598931184,
      0.012542945433168685,
      0.027039643314091928,
      0.0017738654370229754,
      0.017269320705311418,
      0.016511294372523758,
      0.012235822230814954,
      0.01216385203448777,
      0.7036775075890379,
      0.04079414066627507,
      0.6148103802058282,
      0.6146195102714639,
      0.0,
      0.0,
      0.1915790818718418,
      0.3256931687001566,
      0.0,
      0.275114084288601,
      0.19778006771007048,
      0.25093910631213096,
      0.2369148607693947,
      0.3646306784611785,
      0.35175153396510833,
      0.0,
      0.0,
      0.007439652398596152,
      0.0,
      0.0,
      0.0,
      0.0,
      0.0,
      0.01444612337632629,
      0.05444168277724671,
      0.9085632055607069,
      0.135164918771727,
      0.22194651139051677,
      0.7564446835558628,
      0.47277419375713015,
      0.3682501052649434,
      0.9091633047434301,
      0.23885578332013538,
      0.12339575651232708
    ],
    "R": [
      1.9131065319465999,
      1.7170481691191413,
      1.623194254361164,
      1.5306781925061395,
      1.44638226191373,
      1.3649770067796112,
      1.2877255701933406,
      1.2181775336801501,
      1.1505295021277506,
      1.0894127738905566,
      1.0266774830052432,
      0.9714040868034627,
      0.9211293410963685,
      0.8715675004687667,
      0.8251163466108924,
      0.7805906793981244,
      0.7374632749151474,
      0.6965278407569332,
      0.6617776138143218,
      0.6252183898124105,
      0.5931239410909152,
      0.5631520359063135,
      0.5340103509395203,
      0.5054569238370651,
      0.4795946259233198,
      0.45403924733943185,
      0.43136418686318057,
      0.40820252523304024,
      0.38879714009287625,
      0.36991547818721066,
      0.3507794261140439,
      0.33444507013521313,
      0.31884445519592947,
      0.30348913968882607,
      0.28867137765189277,
      0.27471941379552484,
      0.2622762110772794,
      0.24982912292914386,
      0.23799425162441215,
      0.22772602264382674,
      0.21628544587162188,
      0.20622592631804187,
      0.19661932304043697,
      0.1875596895705784,
      0.17645594356037708,
      0.16719499891923595,
      0.1587221326806729,
      0.15281543413587642,
      0.14634377710148216,
      0.1396689164500933,
      0.13408306097749367,
      0.12835704573495754,
      0.1237198897359796,
      0.1179153236252283,
      0.11337867449530484,
      0.10864972943827696,
      0.10465941862928965,
      0.10054952348932854,
      0.0959117824479685,
      0.09172295578172515,
      0.08834991570139608,
      0.08375425266102257,
      0.0783777379678707,
      0.07337774864908302,
      0.07043034672268662
    ],
    "snr": [
      0.0,
      1.1058180478702955,
      0.6713862536961579,
      0.8527496269096542,
      0.6078378348065236,
      1.047787493605423,
      1.0422871501457025,
      0.6296878256958729,
      0.6265950729025572,
      0.7178613804986778,
      0.6899838484792666,
      0.6259314928410317,
      0.6874371285877517,
      0.6334162964105159,
      0.5373228621079469,
      0.9110974129438227,
      0.584740277356403,
      0.8377728216026004,
      0.5289791478331541,
      0.8773978229257917,
      0.5342793560273009,
      0.5874470730602392,
      0.5687499929905548,
      0.7031713125186752,
      0.6109705903904217,
      0.6858120406792911,
      0.6283423675070078,
      0.9451028429076109,
      0.5738416686005183,
      0.5699439333660152,
      0.7193502723799468,
      0.5217742278276892,
      0.6334263708197545,
      0.641631951860381,
      0.6895450043057394,
      0.6260191337975695,
      0.7340216968055613,
      0.635221626020315,
      0.6954437550952306,
      0.7262049429531863,
      0.6581488130247073,
      0.5800384191402412,
      0.6962662541340521,
      0.62030546486618,
      1.010312517199979,
      0.8654611384688622,
      0.6985171673223352,
      0.4590483530666368,
      0.5917429677262875,
      0.5205776003723412,
      0.5100451043130725,
      0.752058757834165,
      0.46296772188657087,
      0.5773011801670127,
      0.5656056274480692,
      0.40605494702973405,
      0.40219953728151625,
      0.4852291768176307,
      0.5495522116684501,
      0.7865240191320695,
      0.5419596319685893,
      0.5303352496050773,
      1.1733427266365544,
      1.240090453981142,
      0.11049829008626919
    ]
  },
  "go_pre": false,
  "go_post": false
}