{
  "samples": 100,
  "geodesic": {
    "accuracy_exact": 0.64,
    "precision": 0.845,
    "recall": 1.0,
    "f1": 0.8979999999999997,
    "jaccard": 0.845,
    "hallucination_rate": 0.15500000000000008,
    "omission_rate": 0.0
  },
  "stock": {
    "accuracy_exact": 0.49,
    "precision": 0.89,
    "recall": 0.7766666666666667,
    "f1": 0.7973333333333332,
    "jaccard": 0.7266666666666666,
    "hallucination_rate": 0.10999999999999999,
    "omission_rate": 0.22333333333333327
  },
  "phantom_index": 0.06500315368332048,
  "margin": 0.043999901748191794,
  "plot_raw": "manifold_pca3_mesh_warped.png",
  "plot_fitted": "manifold_pca3_mesh_warped_fit.png",
  "csv": "stage11_metrics_shadow.csv"
}