Metric,Stock,Geodesic,Denoiser
Accuracy,0.49,0.64,1.0
F1,0.7973333333333332,0.8979999999999997,0.9983060299308104
Precision,0.89,0.845,0.997741803446694
Recall,0.7766666666666667,1.0,0.9988709017233471
Hallucination,0.10999999999999999,0.15500000000000008,0.004516393106611428
Omission,0.22333333333333327,0.0,0.002258196553305714
