accuracy_exact,grid_similarity,precision,recall,f1,jaccard,hallucination_rate,omission_rate,margin_mean,margin_min,phantom_index,version,guard_recall_OK,guard_halluc_OK
0.39,0.516875,0.8116666666666668,0.7183333333333332,0.7173333333333332,0.6333333333333335,0.18833333333333332,0.28166666666666673,-0.293553112316982,-2.329213500636838,0.9699802163608059,v1,False,True
0.37,0.50703125,0.6416666666666667,0.8549999999999999,0.6923333333333328,0.6000000000000001,0.35833333333333334,0.145,-0.305821975381722,-2.3486086283371357,0.9678632139950587,v2,False,False
0.23,0.39015625,0.815,0.4216666666666668,0.5266666666666665,0.4100000000000002,0.185,0.5783333333333329,-0.0700919579866718,-3.894662959636988,0.946658680782655,v3,False,True
0.18,0.35734375,0.8166666666666665,0.4700000000000002,0.5589999999999998,0.4433333333333334,0.18333333333333335,0.5299999999999997,0.042902467732469494,-1.0695890322441342,0.9553038909030469,v4,False,True
,,,,,,,,,,,v5,False,False
