{
  "mode": "ngf",
  "model": "gpt2",
  "split": "validation",
  "n": 1000,
  "accuracy": 0.354,
  "correct": 354,
  "elapsed_sec": 286.36274576187134,
  "device": "cpu",
  "ngf_status": "NGF attached via ngf_hooks_v2:attach_ngf_hooks with cfg={'tap': -9, 'alpha0': 0.06, 'alpha_min': 0.012, 'trend_tau': 0.3, 'k_tr': 12, 'use_detect': 1, 'detect_width': 22, 'detect_sigma': 4.5, 'null_K': 32, 'null_q': 0.92, 'k_det': 8, 's_latch': 0.35, 'linger': 3, 'ema_center_beta': 0.04, 'gen_mode': 'geo', 'save_hidden': 1, 'hidden_dump_dir': 'results/maxwarpC_tap9_noOutlier'}",
  "metrics": {
    "accuracy_top1": 0.354,
    "accuracy_top2": 0.62,
    "macro": {
      "precision": 0.35385678342629406,
      "recall": 0.3538995875788532,
      "f1": 0.35380198195384205
    },
    "micro": {
      "precision": 0.35399999999999965,
      "recall": 0.35399999999999965,
      "f1": 0.3539999999999998
    },
    "per_class": [
      {
        "precision": 0.35408560311284293,
        "recall": 0.3460076045627401,
        "f1": 0.34999999999950254
      },
      {
        "precision": 0.3292181069958875,
        "recall": 0.34482758620689935,
        "f1": 0.33684210526266095
      },
      {
        "precision": 0.36220472440945134,
        "recall": 0.3650793650793676,
        "f1": 0.36363636363586616
      },
      {
        "precision": 0.36991869918699444,
        "recall": 0.3596837944664057,
        "f1": 0.3647294589173383
      }
    ],
    "confusion_matrix": [
      [
        91,
        63,
        62,
        47
      ],
      [
        59,
        80,
        42,
        51
      ],
      [
        56,
        47,
        92,
        57
      ],
      [
        51,
        53,
        58,
        91
      ]
    ],
    "calibration": {
      "ece_10": 0.08162259664519833,
      "brier": 0.7435982435219248,
      "mean_margin": 0.1655007834266932,
      "entropy": 1.2349778936862208
    },
    "overconfidence_rate": {
      "wrong_p>=0.90": 0.0,
      "wrong_p>=0.70": 0.013
    }
  }
}