{
  "mode": "ngf",
  "model": "gpt2",
  "split": "validation",
  "n": 1000,
  "accuracy": 0.355,
  "correct": 355,
  "elapsed_sec": 314.6654210090637,
  "device": "cpu",
  "ngf_status": "NGF attached via ngf_hooks_v2:attach_ngf_hooks with cfg={'tap': -9, 'alpha0': 0.06, 'alpha_min': 0.012, 'trend_tau': 0.3, 'k_tr': 12, 'use_detect': 1, 'detect_width': 22, 'detect_sigma': 4.5, 'null_K': 32, 'null_q': 0.92, 'k_det': 8, 's_latch': 0.35, 'linger': 3, 'ema_center_beta': 0.04, 'gen_mode': 'geo', 'save_hidden': 1, 'hidden_dump_dir': 'results/maxwarpC_tap9_noOutlier'}",
  "metrics": {
    "accuracy_top1": 0.355,
    "accuracy_top2": 0.621,
    "macro": {
      "precision": 0.354827859633957,
      "recall": 0.3548916510709167,
      "f1": 0.35477746082505235
    },
    "micro": {
      "precision": 0.35499999999999965,
      "recall": 0.35499999999999965,
      "f1": 0.3549999999999998
    },
    "per_class": [
      {
        "precision": 0.35546875000000244,
        "recall": 0.3460076045627401,
        "f1": 0.35067437379526367
      },
      {
        "precision": 0.3292181069958875,
        "recall": 0.34482758620689935,
        "f1": 0.33684210526266095
      },
      {
        "precision": 0.36470588235294366,
        "recall": 0.3690476190476215,
        "f1": 0.36686390532494634
      },
      {
        "precision": 0.36991869918699444,
        "recall": 0.3596837944664057,
        "f1": 0.3647294589173383
      }
    ],
    "confusion_matrix": [
      [
        91,
        63,
        62,
        47
      ],
      [
        59,
        80,
        42,
        51
      ],
      [
        54,
        48,
        93,
        57
      ],
      [
        52,
        52,
        58,
        91
      ]
    ],
    "calibration": {
      "ece_10": 0.08049489079203807,
      "brier": 0.743309507063347,
      "mean_margin": 0.16540508607208232,
      "entropy": 1.2352265249034562
    },
    "overconfidence_rate": {
      "wrong_p>=0.90": 0.0,
      "wrong_p>=0.70": 0.012
    }
  }
}