{
  "mode": "ngf",
  "model": "gpt2",
  "split": "validation",
  "n": 1000,
  "accuracy": 0.351,
  "correct": 351,
  "elapsed_sec": 437.24745202064514,
  "device": "cpu",
  "ngf_status": "NGF attached via ngf_hooks_v2:attach_ngf_hooks with cfg={'tap': -9, 'alpha0': 0.06, 'alpha_min': 0.012, 'trend_tau': 0.3, 'k_tr': 12, 'use_detect': 1, 'detect_width': 22, 'detect_sigma': 4.5, 'null_K': 32, 'null_q': 0.92, 'k_det': 8, 's_latch': 0.35, 'linger': 3, 'ema_center_beta': 0.04, 'gen_mode': 'geo', 'save_hidden': 1, 'hidden_dump_dir': 'results/maxwarpB'}",
  "metrics": {
    "accuracy_top1": 0.351,
    "accuracy_top2": 0.62,
    "macro": {
      "precision": 0.35075085497114583,
      "recall": 0.35055019190773573,
      "f1": 0.3505398362405513
    },
    "micro": {
      "precision": 0.35099999999999965,
      "recall": 0.35099999999999965,
      "f1": 0.35099999999999987
    },
    "per_class": [
      {
        "precision": 0.37007874015748277,
        "recall": 0.3574144486692039,
        "f1": 0.3636363636358662
      },
      {
        "precision": 0.31557377049180607,
        "recall": 0.3318965517241408,
        "f1": 0.3235294117642091
      },
      {
        "precision": 0.35408560311284293,
        "recall": 0.36111111111111366,
        "f1": 0.3575638506871254
      },
      {
        "precision": 0.36326530612245156,
        "recall": 0.35177865612648473,
        "f1": 0.3574297188750047
      }
    ],
    "confusion_matrix": [
      [
        94,
        63,
        60,
        46
      ],
      [
        57,
        77,
        45,
        53
      ],
      [
        55,
        49,
        91,
        57
      ],
      [
        48,
        55,
        61,
        89
      ]
    ],
    "calibration": {
      "ece_10": 0.08468520752077531,
      "brier": 0.7433131852347613,
      "mean_margin": 0.16414042234326368,
      "entropy": 1.2376597677647687
    },
    "overconfidence_rate": {
      "wrong_p>=0.90": 0.0,
      "wrong_p>=0.70": 0.012
    }
  }
}