{
  "mode": "ngf",
  "model": "gpt2",
  "split": "validation",
  "n": 1000,
  "accuracy": 0.32,
  "correct": 320,
  "elapsed_sec": 257.45192790031433,
  "device": "cpu",
  "ngf_status": "NGF attached via ngf_hooks:attach_ngf_hooks with cfg={'tap': -9, 'alpha0': 0.06, 'alpha_min': 0.01, 'trend_tau': 0.32, 'k_tr': 12, 'use_detect': 1, 'detect_width': 24, 'detect_sigma': 5.0, 'null_K': 32, 'null_q': 0.92, 'k_det': 7, 's_latch': 0.3, 'linger': 2, 'ema_center_beta': 0.04, 'gen_mode': 'geo', 'save_hidden': 1, 'hidden_dump_dir': 'results/passA'}",
  "metrics": {
    "accuracy_top1": 0.32,
    "accuracy_top2": 0.607,
    "macro": {
      "precision": 0.31931497265018227,
      "recall": 0.3193342961130197,
      "f1": 0.31925402637918
    },
    "micro": {
      "precision": 0.3199999999999997,
      "recall": 0.3199999999999997,
      "f1": 0.31999999999999984
    },
    "per_class": [
      {
        "precision": 0.3259259259259284,
        "recall": 0.33460076045627624,
        "f1": 0.3302063789863694
      },
      {
        "precision": 0.2857142857142887,
        "recall": 0.2931034482758651,
        "f1": 0.28936170212716267
      },
      {
        "precision": 0.3585657370517954,
        "recall": 0.3571428571428597,
        "f1": 0.35785288270328
      },
      {
        "precision": 0.30705394190871654,
        "recall": 0.2924901185770779,
        "f1": 0.299595141699908
      }
    ],
    "confusion_matrix": [
      [
        88,
        64,
        53,
        58
      ],
      [
        60,
        68,
        45,
        59
      ],
      [
        63,
        49,
        90,
        50
      ],
      [
        59,
        57,
        63,
        74
      ]
    ],
    "calibration": {
      "ece_10": 0.11481740957855806,
      "brier": 0.7490975519498784,
      "mean_margin": 0.15943647498746777,
      "entropy": 1.2295278145984756
    },
    "overconfidence_rate": {
      "wrong_p>=0.90": 0.0,
      "wrong_p>=0.70": 0.008
    }
  }
}