{
  "center": [
    -2.2563130855560303,
    -0.059679947793483734
  ],
  "k_last": 12,
  "alpha": 0.05,
  "eps": 0.25,
  "tau": 0.6
}