{
  "mode": "ngf",
  "model": "gpt2",
  "split": "validation",
  "n": 1000,
  "accuracy": 0.321,
  "correct": 321,
  "elapsed_sec": 276.876953125,
  "device": "cpu",
  "ngf_status": "NGF attached via ngf_hooks:attach_ngf_hooks with cfg={'tap': -9, 'alpha0': 0.05, 'alpha_min': 0.006, 'trend_tau': 0.32, 'k_tr': 12, 'use_detect': 1, 'detect_width': 24, 'detect_sigma': 5.0, 'null_K': 32, 'null_q': 0.92, 'k_det': 7, 's_latch': 0.3, 'linger': 2, 'ema_center_beta': 0.05, 'gen_mode': 'geo'}",
  "metrics": {
    "accuracy_top1": 0.321,
    "accuracy_top2": 0.606,
    "macro": {
      "precision": 0.32035303375249485,
      "recall": 0.32032243840550984,
      "f1": 0.3202658251044495
    },
    "micro": {
      "precision": 0.3209999999999997,
      "recall": 0.3209999999999997,
      "f1": 0.32099999999999984
    },
    "per_class": [
      {
        "precision": 0.32472324723247475,
        "recall": 0.33460076045627624,
        "f1": 0.329588014980776
      },
      {
        "precision": 0.2869198312236317,
        "recall": 0.2931034482758651,
        "f1": 0.28997867803788263
      },
      {
        "precision": 0.3585657370517954,
        "recall": 0.3571428571428597,
        "f1": 0.35785288270328
      },
      {
        "precision": 0.3112033195020775,
        "recall": 0.29644268774703836,
        "f1": 0.3036437246958594
      }
    ],
    "confusion_matrix": [
      [
        88,
        64,
        53,
        58
      ],
      [
        61,
        68,
        45,
        58
      ],
      [
        63,
        49,
        90,
        50
      ],
      [
        59,
        56,
        63,
        75
      ]
    ],
    "calibration": {
      "ece_10": 0.11394185114011277,
      "brier": 0.7491277687893507,
      "mean_margin": 0.15953650083467755,
      "entropy": 1.2293376937737712
    },
    "overconfidence_rate": {
      "wrong_p>=0.90": 0.0,
      "wrong_p>=0.70": 0.008
    }
  }
}