{
  "mode": "stock",
  "model": "gpt2",
  "split": "validation",
  "n": 1000,
  "accuracy": 0.324,
  "correct": 324,
  "elapsed_sec": 294.5304892063141,
  "device": "cpu",
  "ngf_status": "stock",
  "metrics": {
    "accuracy_top1": 0.324,
    "accuracy_top2": 0.61,
    "macro": {
      "precision": 0.3232219653660748,
      "recall": 0.3234295659459649,
      "f1": 0.3232297577157465
    },
    "micro": {
      "precision": 0.3239999999999997,
      "recall": 0.3239999999999997,
      "f1": 0.32399999999999984
    },
    "per_class": [
      {
        "precision": 0.32342007434944486,
        "recall": 0.33079847908745497,
        "f1": 0.3270676691724349
      },
      {
        "precision": 0.2899159663865576,
        "recall": 0.2974137931034513,
        "f1": 0.2936170212760988
      },
      {
        "precision": 0.3686274509803946,
        "recall": 0.37301587301587547,
        "f1": 0.3708086785004887
      },
      {
        "precision": 0.31092436974790205,
        "recall": 0.2924901185770779,
        "f1": 0.30142566191396364
      }
    ],
    "confusion_matrix": [
      [
        87,
        65,
        54,
        57
      ],
      [
        62,
        69,
        45,
        56
      ],
      [
        60,
        47,
        94,
        51
      ],
      [
        60,
        57,
        62,
        74
      ]
    ],
    "calibration": {
      "ece_10": 0.11170048230578973,
      "brier": 0.7496231902350826,
      "mean_margin": 0.16009378510393896,
      "entropy": 1.2284711392481877
    },
    "overconfidence_rate": {
      "wrong_p>=0.90": 0.0,
      "wrong_p>=0.70": 0.007
    }
  }
}