{
  "model": "gpt2",
  "tap": -1,
  "gates": {
    "pi_max": 0.1,
    "margin_min": 0.04,
    "S_median_min": 0.55,
    "r_trend_min": 0.9
  },
  "center": [
    0.5766231587595747,
    -0.9335957039141953
  ],
  "warp": {
    "sigma": 1.6609158544063385,
    "local_radius": 1.35,
    "depth_scale": 1.35,
    "mix_z": 0.12
  },
  "phantom": {
    "mode": "depth_weighted",
    "beta": 6.5,
    "nms_radius": 7
  },
  "pre": {
    "phantom_index": 0.875,
    "margin_norm": 0.06916873627859718,
    "S_median": 0.17391234669189706,
    "debug": {
      "n_all": 9,
      "n_after_nms": 8,
      "U_rng": 0.13550315989299436
    }
  },
  "post": {
    "phantom_index": 0.967741935483871,
    "margin_norm": 0.2243225109031601,
    "S_median": 0.19119967620810724,
    "r_trend_tokens": 0.47276520105774833,
    "debug": {
      "n_all": 35,
      "n_after_nms": 31,
      "U_rng": 0.06152735229135618
    }
  },
  "improve": {
    "d_phantom_index": 0.092741935483871,
    "d_margin_norm": 0.15515377462456292,
    "d_S_median": 0.017287329516210176
  },
  "hist": {
    "pi": [
      0.875,
      0.8571428571428571,
      0.875,
      0.875,
      0.875,
      0.875,
      0.8333333333333334,
      0.8333333333333334,
      0.8333333333333334,
      0.8333333333333334,
      0.8,
      0.8,
      0.8333333333333334,
      0.8,
      0.8333333333333334,
      0.8,
      0.8,
      0.75,
      0.75,
      0.75,
      0.75,
      0.75,
      0.75,
      0.75,
      0.75,
      0.75,
      0.75,
      0.75,
      0.75,
      0.75,
      0.75,
      0.75,
      0.75,
      0.8,
      0.75,
      0.8333333333333334,
      0.75,
      0.8,
      0.8333333333333334,
      0.8,
      0.8,
      0.8571428571428571,
      0.875,
      0.8571428571428571,
      0.875,
      0.875,
      0.8888888888888888,
      0.875,
      0.9,
      0.9090909090909091,
      0.9166666666666666,
      0.9090909090909091,
      0.9166666666666666,
      0.9230769230769231,
      0.9285714285714286,
      0.9166666666666666,
      0.9166666666666666,
      0.9375,
      0.9230769230769231,
      0.9375,
      0.9285714285714286,
      0.9333333333333333,
      0.9444444444444444,
      0.9285714285714286,
      0.9375,
      0.9523809523809523,
      0.9473684210526315,
      0.9523809523809523,
      0.96,
      0.96,
      0.96,
      0.9642857142857143,
      0.967741935483871,
      0.967741935483871,
      0.9743589743589743,
      0.96875,
      0.9696969696969697,
      0.9655172413793104,
      0.9666666666666667,
      0.9666666666666667,
      0.96875,
      0.9655172413793104,
      0.9666666666666667,
      0.96875,
      0.9722222222222222,
      0.9655172413793104,
      0.9666666666666667,
      0.9696969696969697,
      0.9642857142857143,
      0.9629629629629629,
      0.9714285714285714,
      0.9722222222222222,
      0.9696969696969697,
      0.9615384615384616,
      0.9629629629629629,
      0.9696969696969697,
      0.967741935483871
    ],
    "margin": [
      0.06970189982417277,
      0.11245084535847384,
      0.13939708326337016,
      0.15253043351935666,
      0.19207265358615777,
      0.23359655633515725,
      0.2722454910665564,
      0.28910515543312115,
      0.3252595677164831,
      0.21333070822590805,
      0.16535095923053952,
      0.12723086463972164,
      0.007167874427591845,
      0.09078090749729656,
      0.11569274058694587,
      0.21099307619293153,
      0.22292451182395512,
      0.33310344101457257,
      0.3769614211588599,
      0.3464362340007718,
      0.37181499289721076,
      0.34736352442725066,
      0.3801628668677896,
      0.40527253181609846,
      0.38022567517251715,
      0.3687017065597882,
      0.35894126151383304,
      0.3535220234882788,
      0.44112150333524447,
      0.22261287686877743,
      0.24751321811942875,
      0.25987366845097265,
      0.19987088867904548,
      0.27666539990174643,
      0.23219795146198716,
      0.007556696128879787,
      0.06663317201629097,
      0.16316965679080053,
      0.1443023706568216,
      0.07755412523308541,
      0.09342783243409335,
      0.2057221481138502,
      0.21204697952374812,
      0.140128086186002,
      0.04411462199517533,
      0.19335468163025252,
      0.10099835238568892,
      0.3333497909808648,
      0.4717792672389433,
      0.5429249490071751,
      0.31727421234167946,
      0.21814903694576565,
      0.22654754007225317,
      0.2457341397048827,
      0.16247568136130733,
      0.40768049940805506,
      0.23400512355397687,
      0.42307459389272606,
      0.45588370523357996,
      0.3150142523810032,
      0.17159029021833128,
      0.27791230160014313,
      0.3152131255642191,
      0.1537440739688398,
      0.24280787983343502,
      0.1382857278335171,
      0.4052861358828818,
      0.15544565635700086,
      0.23801251854596503,
      0.16233291422241233,
      0.15443585494869114,
      0.2334878778908397,
      0.2080136549003912,
      0.1728108545645601,
      0.1791836186324483,
      0.17817053559874094,
      0.0475306678395699,
      0.09125760798354077,
      0.17839723824033651,
      0.18069099790021884,
      0.24584573010409802,
      0.256914894821525,
      0.09248821804480288,
      0.421836530530284,
      0.18429365642141868,
      0.4610085970170474,
      0.044491404690076314,
      0.15719490842062156,
      0.14347541777178924,
      0.19339829653838084,
      0.17891313397230937,
      0.05072062999972299,
      0.04902866150172402,
      0.022845199039458027,
      0.040847652990210856,
      0.03560527256780829,
      0.2243225109031601
    ],