{
  "model": "gpt2",
  "tap": -1,
  "gates": {
    "pi_max": 0.1,
    "margin_min": 0.04,
    "S_median_min": 0.55,
    "r_trend_min": 0.9
  },
  "center": [
    0.5766231587595747,
    -0.9335957039141953
  ],
  "warp": {
    "sigma": 1.6609158544063385,
    "local_radius": 1.35,
    "depth_scale": 1.35,
    "mix_z": 0.12
  },
  "phantom": {
    "mode": "depth_weighted",
    "beta": 6.5,
    "nms_radius": 7
  },
  "pre": {
    "phantom_index": 0.875,
    "margin_norm": 0.06916873627859718,
    "S_median": 0.17391234669189706,
    "debug": {
      "n_all": 9,
      "n_after_nms": 8,
      "U_rng": 0.13550315989299436
    }
  },
  "post": {
    "phantom_index": 0.9696969696969697,
    "margin_norm": 0.1269542500541509,
    "S_median": 0.18217517179661197,
    "r_trend_tokens": 0.47154946277304455,
    "debug": {
      "n_all": 35,
      "n_after_nms": 33,
      "U_rng": 0.07490480715591073
    }
  },
  "improve": {
    "d_phantom_index": 0.09469696969696972,
    "d_margin_norm": 0.057785513775553715,
    "d_S_median": 0.008262825104714905
  },
  "hist": {
    "pi": [
      0.875,
      0.875,
      0.875,
      0.8333333333333334,
      0.8571428571428571,
      0.8333333333333334,
      0.8333333333333334,
      0.8,
      0.8333333333333334,
      0.8333333333333334,
      0.75,
      0.75,
      0.75,
      0.75,
      0.75,
      0.75,
      0.75,
      0.75,
      0.75,
      0.75,
      0.75,
      0.75,
      0.75,
      0.8,
      0.8,
      0.8,
      0.75,
      0.8,
      0.8333333333333334,
      0.8571428571428571,
      0.8571428571428571,
      0.8571428571428571,
      0.8571428571428571,
      0.8571428571428571,
      0.875,
      0.875,
      0.9090909090909091,
      0.9,
      0.9166666666666666,
      0.8888888888888888,
      0.9166666666666666,
      0.9166666666666666,
      0.9375,
      0.9166666666666666,
      0.9285714285714286,
      0.9411764705882353,
      0.9411764705882353,
      0.9444444444444444,
      0.9473684210526315,
      0.9333333333333333,
      0.95,
      0.9333333333333333,
      0.9523809523809523,
      0.9565217391304348,
      0.9545454545454546,
      0.9583333333333334,
      0.9545454545454546,
      0.9615384615384616,
      0.9565217391304348,
      0.9655172413793104,
      0.9655172413793104,
      0.96,
      0.9615384615384616,
      0.9705882352941176,
      0.96875,
      0.9642857142857143,
      0.967741935483871,
      0.9655172413793104,
      0.9629629629629629,
      0.96,
      0.95,
      0.9655172413793104,
      0.9696969696969697,
      0.9714285714285714,
      0.9696969696969697,
      0.967741935483871,
      0.9714285714285714,
      0.972972972972973,
      0.9696969696969697,
      0.967741935483871,
      0.975,
      0.9736842105263158,
      0.9722222222222222,
      0.972972972972973,
      0.967741935483871,
      0.9629629629629629,
      0.9629629629629629,
      0.9629629629629629,
      0.9655172413793104,
      0.967741935483871,
      0.96875,
      0.9705882352941176,
      0.96875,
      0.9705882352941176,
      0.9666666666666667,
      0.967741935483871,
      0.96875,
      0.9666666666666667,
      0.9714285714285714,
      0.9722222222222222,
      0.9655172413793104,
      0.9642857142857143,
      0.9565217391304348,
      0.967741935483871,
      0.9615384615384616,
      0.9642857142857143,
      0.9722222222222222,
      0.9743589743589743,
      0.9696969696969697,
      0.967741935483871,
      0.9666666666666667,
      0.967741935483871,
      0.9705882352941176,
      0.96875,
      0.9666666666666667,
      0.9696969696969697,
      0.96875,
      0.9666666666666667,
      0.9722222222222222,
      0.9642857142857143,
      0.9642857142857143,
      0.9666666666666667,
      0.9714285714285714,
      0.96,
      0.96875,
      0.96875,
      0.9714285714285714,
      0.967741935483871,
      0.9696969696969697
    ],
    "margin": [
      0.06970189982417277,
      0.11580203806920303,
      0.2203867978308495,
      0.26041398192537946,
      0.2616302972168049,
      0.32659856693003675,
      0.3437425891060893,
      0.16343286173379024,
      0.15488663735803984,
      0.08154652451160026,
      0.03355711706076618,
      0.07847442003041731,
      0.15359071400912305,
      0.25298461619305856,
      0.2113408695024022,
      0.28179732924697404,
      0.2760164110433284,
      0.35678590719549513,
      0.352381929111582,
      0.4888534380206529,
      0.462863556176925,
      0.42183837778052113,
      0.4971177353261601,
      0.34328922632769837,
      0.16902240353840434,
      0.3241483146755779,
      0.2494875169077865,
      0.3019063979340987,
      0.35582990165574646,
      0.20101843559685253,
      0.22961670149996533,
      0.1390519878874617,
      0.03798508207411473,
      0.04305740592011713,
      0.034675909251048825,
      0.017222515547829182,
      0.04996410753846566,
      0.09237315706012686,
      0.04533249806791477,
      0.04206326084013581,
      0.0036703907595055686,
      0.18600708276274305,
      0.10748809198214702,
      0.06833238705780324,
      0.1501006425262337,
      0.2230883427534443,
      0.29110126086513355,
      0.2852467750280226,
      0.19733780791252217,
      0.242663920361282,
      0.16882060084117229,
      0.19949817877796727,
      0.23659172908176487,
      0.20445582983949348,
      0.15458837746345697,
      0.16698536222971927,
      0.21618154001124987,
      0.19135112085043363,
      0.16754970136857195,
      0.20452427637341455,
      0.14146890045666746,
      0.1701668439578268,
      0.19750155345058476,
      0.17845360428511314,
      0.17970273053360583,
      0.23847380020434453,
      0.17863749579235796,
      0.19044712744638737,
      0.28237130691833984,
      0.056106846711303546,
      0.21604369571830007,
      0.0103040928860062,
      0.09938477375538494,
      0.22120238224507255,
      0.17848588444989422,
      0.1855619920374759,
      0.06761607856851266,
      0.06640266335285687,
      0.06741986841542542,
      0.26515277767556295,
      0.06772390731669903,
      0.17855176169198858,
      0.1789236124031474,
      0.17896981783785287,
      0.16367356750407547,
      0.14303144150784372,
      0.22920515730277966,
      0.17891694809779385,
      0.17883464694598714,
      0.15687299069313923,
      0.5231176863229932,
      0.15690020228601487,
      0.21038644177313612,
      0.19639530047564066,
      0.15761257622298405,
      0.013904712232967078,
      0.1603855885425858,
      0.23882216152565006,
      0.13370384432483953,
      0.13618436665153022,
      0.20639607841097737,
      0.2017916870442609,
      0.2858996237900304,
      0.17899574518229647,
      0.3315179463642886,
      0.10229339411266532,
      0.14805807484041644,
      0.1845385561458915,
      0.1795332939102459,
      0.13602274127262284,
      0.17938625867322844,
      0.14770913898893007,
      0.07311673759125015,
      0.17636719112581664,
      0.17941450472151652,
      0.010719125911287677,
      0.06539096627545737,
      0.2567874954355258,
      0.19684006547603686,
      0.30487129303011723,
      0.2491549237069004,
      0.3262110050319235,
      0.16486135179524997,
      0.18100927868874184,
      0.18170198304543178,
      0.15424356727080216,
      0.17882843919338165,
      0.15838688459992045,
      0.1269542500541509
    ],