{
  "model": "gpt2",
  "tap": -1,
  "gates": {
    "pi_max": 0.1,
    "margin_min": 0.04,
    "S_median_min": 0.55,
    "r_trend_min": 0.9
  },
  "center": [
    0.5766231587595747,
    -0.9335957039141953
  ],
  "warp": {
    "sigma": 1.6609158544063385,
    "local_radius": 1.35,
    "depth_scale": 1.35,
    "mix_z": 0.12
  },
  "phantom": {
    "mode": "depth_weighted",
    "beta": 6.5,
    "nms_radius": 7
  },
  "pre": {
    "phantom_index": 0.875,
    "margin_norm": 0.06916873627859718,
    "S_median": 0.17391234669189706,
    "debug": {
      "n_all": 9,
      "n_after_nms": 8,
      "U_rng": 0.13550315989299436
    }
  },
  "post": {
    "phantom_index": 0.9696969696969697,
    "margin_norm": 0.011298036300045161,
    "S_median": 0.17662487783926586,
    "r_trend_tokens": 0.4709084371320189,
    "debug": {
      "n_all": 36,
      "n_after_nms": 33,
      "U_rng": 0.07490480715591073
    }
  },
  "improve": {
    "d_phantom_index": 0.09469696969696972,
    "d_margin_norm": -0.05787069997855202,
    "d_S_median": 0.002712531147368802
  },
  "hist": {
    "pi": [
      0.875,
      0.8888888888888888,
      0.875,
      0.8333333333333334,
      0.8333333333333334,
      0.8333333333333334,
      0.8333333333333334,
      0.8,
      0.8,
      0.6666666666666666,
      0.6666666666666666,
      0.6666666666666666,
      0.6666666666666666,
      0.6666666666666666,
      0.6666666666666666,
      0.6666666666666666,
      0.6666666666666666,
      0.6666666666666666,
      0.6666666666666666,
      0.6666666666666666,
      0.6666666666666666,
      0.6666666666666666,
      0.6666666666666666,
      0.6666666666666666,
      0.6666666666666666,
      0.75,
      0.75,
      0.75,
      0.8,
      0.8333333333333334,
      0.875,
      0.8571428571428571,
      0.8571428571428571,
      0.8571428571428571,
      0.875,
      0.8888888888888888,
      0.9090909090909091,
      0.9,
      0.8888888888888888,
      0.9285714285714286,
      0.9090909090909091,
      0.8888888888888888,
      0.9,
      0.9230769230769231,
      0.9,
      0.9166666666666666,
      0.9333333333333333,
      0.9090909090909091,
      0.9230769230769231,
      0.9444444444444444,
      0.95,
      0.95,
      0.9523809523809523,
      0.9375,
      0.9444444444444444,
      0.9545454545454546,
      0.9583333333333334,
      0.9642857142857143,
      0.96,
      0.96875,
      0.96,
      0.967741935483871,
      0.967741935483871,
      0.967741935483871,
      0.9714285714285714,
      0.967741935483871,
      0.9666666666666667,
      0.967741935483871,
      0.9705882352941176,
      0.9722222222222222,
      0.967741935483871,
      0.9736842105263158,
      0.975609756097561,
      0.9736842105263158,
      0.9705882352941176,
      0.96875,
      0.972972972972973,
      0.9714285714285714,
      0.967741935483871,
      0.96875,
      0.96875,
      0.9666666666666667,
      0.9666666666666667,
      0.9714285714285714,
      0.967741935483871,
      0.9705882352941176,
      0.9666666666666667,
      0.96875,
      0.9696969696969697,
      0.9666666666666667,
      0.9629629629629629,
      0.9629629629629629,
      0.9714285714285714,
      0.967741935483871,
      0.972972972972973,
      0.9705882352941176,
      0.9696969696969697,
      0.967741935483871,
      0.9705882352941176,
      0.9655172413793104,
      0.9629629629629629,
      0.96875,
      0.9696969696969697,
      0.9722222222222222,
      0.9714285714285714,
      0.967741935483871,
      0.9655172413793104,
      0.967741935483871,
      0.9583333333333334,
      0.9696969696969697,
      0.9714285714285714,
      0.96875,
      0.96875,
      0.9629629629629629,
      0.9714285714285714,
      0.9696969696969697,
      0.9655172413793104,
      0.9655172413793104,
      0.9655172413793104,
      0.9696969696969697,
      0.967741935483871,
      0.972972972972973,
      0.9642857142857143,
      0.9722222222222222,
      0.96875,
      0.9714285714285714,
      0.9666666666666667,
      0.9696969696969697,
      0.9696969696969697
    ],
    "margin": [
      0.06970189982417277,
      0.19933453042691998,
      0.2167032580098667,
      0.24396152039893834,
      0.2777807064841201,
      0.3248179959075484,
      0.3271658810321646,
      0.2790084637251895,
      0.1913285128367183,
      0.1366566102467301,
      0.05129975763192553,
      0.04495510041732212,
      0.2254658859999842,
      0.1425930781504801,
      0.3086434518753911,
      0.23901612267467315,
      0.36187664653834883,
      0.33175425962736654,
      0.26868785337524775,
      0.28078994813984115,
      0.230115197197693,
      0.2124173565756166,
      0.30652592890544134,
      0.4046157291422164,
      0.43525213577115074,
      0.312775541350824,
      0.24576869881210422,
      0.29060929859823476,
      0.2429181463258889,
      0.3064183836213483,
      0.22360192456949987,
      0.16667171129987887,
      0.12795362923840786,
      0.11150110350621811,
      0.04495453565213675,
      0.05893444100394312,
      0.02117952571098297,
      0.014317599692492067,
      0.0548800241202319,
      0.07786970962402374,
      0.007521468791178107,
      0.024934476506418796,
      0.03126266847393819,
      0.00011619665555123089,
      0.011703828766810477,
      0.07150871527130771,
      0.02042948599204665,
      0.04900155614888076,
      0.03684016537586791,
      0.0269031947341962,
      0.0032321695117029916,
      0.000524684312429725,
      0.0659999323169194,
      0.052650326165728144,
      0.15723752441293415,
      0.054494039062222964,
      0.08505222346348465,
      0.12599627425082455,
      0.059393720544318115,
      0.13097463280857835,
      0.14474285357410477,
      0.12741020075000523,
      0.1432174052519595,
      0.10036517942746179,
      0.1567182681942291,
      0.21238179433968069,
      0.13627838339945794,
      0.1575238127577138,
      0.1577614062698044,
      0.15002632634327034,
      0.23725558399850208,
      0.09874710744771532,
      0.06507799482545304,
      0.06640678317603711,
      0.06650488452498213,
      0.06583807263265004,
      0.06688221984788428,
      0.1783684000193353,
      0.13760526783520943,
      0.17770705652866775,
      0.17590959950125185,
      0.17188826559895665,
      0.17864160301429996,
      0.1784553123493319,
      0.17732793122564156,
      0.09507547535929993,
      0.044356229760054884,
      0.0671673234312228,
      0.06573967398201079,
      0.180709242002535,
      0.06457850684203142,
      0.06457026794948165,
      0.0663211116606316,
      0.015010265737960906,
      0.05041387746121752,
      0.049655315664945736,
      0.19629718364246296,
      0.18071044908802683,
      0.19546744149120207,
      0.19887820173295928,
      0.19984725455156,
      0.19112626017262066,
      0.17958723236345941,
      0.17902256876276076,
      0.0024161249791437227,
      0.17969836963709657,
      0.16896214580448587,
      0.165894270090137,
      0.17490531655315342,
      0.17880443781624925,
      0.12915285252990946,
      0.1788626251992353,
      0.18105627082056758,
      0.48125426063507243,
      0.1789648810608507,
      0.15794879546649174,
      0.18222949291484503,
      0.17989923301308103,
      0.1795588602724256,
      0.15247525057404737,
      0.0829838107946228,
      0.19550779845537258,
      0.14433366441301076,
      0.1282109341799699,
      0.17880674750944456,
      0.13218772674772752,
      0.04673311519979051,
      0.19001759438020313,
      0.011298036300045161
    ],