{
  "model": "gpt2",
  "tap": -1,
  "gates": {
    "pi_max": 0.1,
    "margin_min": 0.04,
    "S_median_min": 0.55,
    "r_trend_min": 0.9
  },
  "center": [
    0.5766231587595747,
    -0.9335957039141953
  ],
  "warp": {
    "sigma": 1.6609158544063385,
    "local_radius": 1.35,
    "depth_scale": 1.35,
    "mix_z": 0.12
  },
  "phantom": {
    "mode": "depth_weighted",
    "beta": 6.5,
    "nms_radius": 7
  },
  "pre": {
    "phantom_index": 0.875,
    "margin_norm": 0.06916873627859718,
    "S_median": 0.17391234669189706,
    "debug": {
      "n_all": 9,
      "n_after_nms": 8,
      "U_rng": 0.13550315989299436
    }
  },
  "post": {
    "phantom_index": 0.9666666666666667,
    "margin_norm": 0.2046299607703072,
    "S_median": 0.20672434592932823,
    "r_trend_tokens": 0.47148314977569705,
    "debug": {
      "n_all": 33,
      "n_after_nms": 30,
      "U_rng": 0.045120592494591764
    }
  },
  "improve": {
    "d_phantom_index": 0.09166666666666667,
    "d_margin_norm": 0.13546122449171002,
    "d_S_median": 0.032811999237431166
  },
  "hist": {
    "pi": [
      0.875,
      0.8571428571428571,
      0.8571428571428571,
      0.8571428571428571,
      0.8571428571428571,
      0.8571428571428571,
      0.8571428571428571,
      0.8333333333333334,
      0.8333333333333334,
      0.8333333333333334,
      0.8333333333333334,
      0.8333333333333334,
      0.8333333333333334,
      0.8571428571428571,
      0.8333333333333334,
      0.8333333333333334,
      0.8,
      0.8,
      0.8,
      0.8,
      0.8,
      0.8,
      0.8,
      0.8,
      0.8,
      0.8333333333333334,
      0.8333333333333334,
      0.8333333333333334,
      0.8,
      0.8,
      0.75,
      0.8,
      0.8,
      0.75,
      0.75,
      0.8,
      0.8,
      0.8,
      0.8,
      0.8,
      0.75,
      0.8,
      0.8,
      0.8888888888888888,
      0.8571428571428571,
      0.875,
      0.9090909090909091,
      0.875,
      0.8888888888888888,
      0.8888888888888888,
      0.875,
      0.9166666666666666,
      0.9166666666666666,
      0.9090909090909091,
      0.9166666666666666,
      0.9,
      0.9166666666666666,
      0.9285714285714286,
      0.9285714285714286,
      0.9230769230769231,
      0.9333333333333333,
      0.9090909090909091,
      0.9230769230769231,
      0.9333333333333333,
      0.9444444444444444,
      0.9411764705882353,
      0.9473684210526315,
      0.9583333333333334,
      0.9629629629629629,
      0.9666666666666667,
      0.9666666666666667,
      0.9565217391304348,
      0.9523809523809523,
      0.9642857142857143,
      0.967741935483871,
      0.9629629629629629,
      0.9615384615384616,
      0.9642857142857143,
      0.9666666666666667,
      0.9642857142857143,
      0.9666666666666667,
      0.96875,
      0.967741935483871,
      0.9642857142857143,
      0.9696969696969697,
      0.9642857142857143,
      0.9714285714285714,
      0.9696969696969697,
      0.9705882352941176,
      0.9705882352941176,
      0.9714285714285714,
      0.9666666666666667,
      0.9714285714285714,
      0.9655172413793104,
      0.9545454545454546,
      0.9705882352941176,
      0.9666666666666667
    ],
    "margin": [
      0.06970189982417277,
      0.16919790881089974,
      0.13483237639787823,
      0.20505983719571902,
      0.11234978796464712,
      0.20958712944208288,
      0.24719331023959698,
      0.31625449518968907,
      0.3128764848776931,
      0.23942740301851628,
      0.24693762081782428,
      0.09047679804888002,
      0.06841465027751038,
      0.020943399465258673,
      0.10928449909590003,
      0.1439102240756741,
      0.21638167566655198,
      0.2925044050084683,
      0.2740256911498191,
      0.2939718198099443,
      0.3689403154118223,
      0.2995876339748093,
      0.3886578432148399,
      0.4076077983205008,
      0.44204887160514217,
      0.4699491969230309,
      0.44395910539234235,
      0.3277496580998894,
      0.2806656530326141,
      0.4568592090636921,
      0.24749071015300503,
      0.17216345655488768,
      0.07697397550848838,
      0.027488836001761226,
      0.04382095013099408,
      0.08832315355598727,
      0.09904345624518389,
      0.08091498771130447,
      0.014803169285474914,
      0.06151500609185496,
      0.26448141601975117,
      0.2768822439695482,
      0.41454075629816817,
      0.43004944052041855,
      0.21198367018785755,
      0.6538427480392991,
      0.6416324484452587,
      0.6889173054246481,
      0.7063175796711672,
      0.12815942571586106,
      0.29207461133921914,
      0.332511329951168,
      0.43565521858073736,
      0.1348751626158494,
      0.6221320878557819,
      0.26492050117370636,
      0.05103309231417763,
      0.08961543930265362,
      0.006641654454234428,
      0.10853335616738843,
      0.02021067602945563,
      0.17110782845364295,
      0.13992631526574725,
      0.16311423922481028,
      0.1478788329130963,
      0.6322773610399259,
      0.0363725776959537,
      0.4136946628047678,
      0.27127610733394575,
      0.15468243052636743,
      0.1437929356273853,
      0.12793209161330835,
      0.12488159296704561,
      0.09107275978077585,
      0.34920070301770173,
      0.08287866344207942,
      0.04891220994896821,
      0.08479751503013577,
      0.1424497160480532,
      0.13957032780927564,
      0.17794202338794168,
      0.14328772312561408,
      0.17599351199413885,
      0.06928970402035206,
      0.17863628007382593,
      0.1782422408133062,
      0.1637855614959466,
      0.18032181641667602,
      0.1790265922812401,
      0.17884064720932338,
      0.17893917576756815,
      0.21909518953250587,
      0.17849285451206645,
      0.1959356606543101,
      0.34142851635784094,
      0.20397154797960462,
      0.2046299607703072
    ],