{
  "model": "gpt2",
  "tap": -1,
  "gates": {
    "pi_max": 0.1,
    "margin_min": 0.04,
    "S_median_min": 0.55,
    "r_trend_min": 0.9
  },
  "center": [
    0.5766231587595747,
    -0.9335957039141953
  ],
  "warp": {
    "sigma": 1.6609158544063385,
    "local_radius": 1.35,
    "depth_scale": 1.35,
    "mix_z": 0.12
  },
  "phantom": {
    "mode": "depth_weighted",
    "beta": 6.5,
    "nms_radius": 7
  },
  "pre": {
    "phantom_index": 0.875,
    "margin_norm": 0.06916873627859718,
    "S_median": 0.17391234669189706,
    "debug": {
      "n_all": 9,
      "n_after_nms": 8,
      "U_rng": 0.13550315989299436
    }
  },
  "post": {
    "phantom_index": 0.9743589743589743,
    "margin_norm": 0.15739975619573263,
    "S_median": 0.18160390774093638,
    "r_trend_tokens": 0.4731087655392438,
    "debug": {
      "n_all": 42,
      "n_after_nms": 39,
      "U_rng": 0.04514462687593521
    }
  },
  "improve": {
    "d_phantom_index": 0.09935897435897434,
    "d_margin_norm": 0.08823101991713544,
    "d_S_median": 0.007691561049039314
  },
  "hist": {
    "pi": [
      0.875,
      0.8571428571428571,
      0.8571428571428571,
      0.875,
      0.875,
      0.875,
      0.8333333333333334,
      0.8,
      0.8,
      0.8,
      0.8,
      0.8,
      0.8,
      0.8,
      0.75,
      0.8,
      0.75,
      0.75,
      0.75,
      0.75,
      0.75,
      0.75,
      0.75,
      0.75,
      0.75,
      0.75,
      0.75,
      0.75,
      0.75,
      0.8,
      0.8,
      0.8,
      0.8333333333333334,
      0.8333333333333334,
      0.8333333333333334,
      0.8333333333333334,
      0.8333333333333334,
      0.8333333333333334,
      0.8333333333333334,
      0.8333333333333334,
      0.8333333333333334,
      0.8333333333333334,
      0.8571428571428571,
      0.8571428571428571,
      0.8888888888888888,
      0.875,
      0.8888888888888888,
      0.875,
      0.8888888888888888,
      0.8888888888888888,
      0.9090909090909091,
      0.9,
      0.9,
      0.9090909090909091,
      0.9090909090909091,
      0.9090909090909091,
      0.9090909090909091,
      0.9,
      0.9,
      0.9166666666666666,
      0.8888888888888888,
      0.9,
      0.9,
      0.9285714285714286,
      0.9230769230769231,
      0.9166666666666666,
      0.9285714285714286,
      0.9285714285714286,
      0.9444444444444444,
      0.9411764705882353,
      0.9444444444444444,
      0.9285714285714286,
      0.9411764705882353,
      0.9375,
      0.9333333333333333,
      0.96,
      0.9642857142857143,
      0.9629629629629629,
      0.9655172413793104,
      0.9655172413793104,
      0.9615384615384616,
      0.9655172413793104,
      0.9642857142857143,
      0.96,
      0.9615384615384616,
      0.9655172413793104,
      0.9696969696969697,
      0.9714285714285714,
      0.9696969696969697,
      0.96875,
      0.972972972972973,
      0.9696969696969697,
      0.975,
      0.967741935483871,
      0.9714285714285714,
      0.9722222222222222,
      0.9743589743589743
    ],
    "margin": [
      0.06970189982417277,
      0.05418126271702583,
      0.16406463811812363,
      0.14961701538400607,
      0.20368990657547803,
      0.19605392605271782,
      0.2997516335175688,
      0.33082524587275774,
      0.28482107315191557,
      0.2660179214326617,
      0.1938972495966253,
      0.11655362281881604,
      0.010993775859485041,
      0.14338829362563899,
      0.0964603439234899,
      0.16369406325062694,
      0.2470707543095385,
      0.24191032039289365,
      0.25271241686721563,
      0.32638000796965416,
      0.2967953938887983,
      0.36022056114920714,
      0.45618593118482786,
      0.43671404275491715,
      0.4826070025500441,
      0.4543092333214382,
      0.3403315339649813,
      0.34592480263945163,
      0.30413771976912174,
      0.2321902778742874,
      0.1520927072894813,
      0.20290056849561178,
      0.23018614642381158,
      0.08144213111143078,
      0.21080310601368174,
      0.027522338688106527,
      0.10352306083227597,
      0.10980151574789562,
      0.2492183456193212,
      0.000941289289071087,
      0.43919840901778007,
      0.02556248996607003,
      0.1657152105850426,
      0.24477867551859747,
      0.05109976279198295,
      0.16693198592967975,
      0.19946996410672288,
      0.14135252636912365,
      0.2299284807569079,
      0.5598543068514014,
      0.03601930171161723,
      0.32991608754062257,
      0.3307523006292626,
      0.05633601840290249,
      0.04217907809815816,
      0.26454667255297837,
      0.037349899462457085,
      0.49903139339068964,
      0.13335287451557765,
      0.5217920123897106,
      0.14181955098580518,
      0.21737853625745743,
      0.0073031944118159605,
      0.024259478197006357,
      0.1129608324658795,
      0.1504725763159049,
      0.14011112845530824,
      0.013189056806548189,
      0.17425518777577248,
      0.07520401286374553,
      0.3506821688164142,
      0.4059388793011254,
      0.3976533644565478,
      0.16971460182762294,
      0.055420370100188306,
      0.16008411861093058,
      0.14382793330239727,
      0.2878458090969223,
      0.2024391914483043,
      0.13886632028054974,
      0.16087131065552662,
      0.2090490446892295,
      0.3024409735558206,
      0.15756577907841318,
      0.14718455347118672,
      0.13598449759538525,
      0.16392005084778477,
      0.15813273860430066,
      0.21477470371639798,
      0.4914210935096096,
      0.27057513773846703,
      0.16379487657112243,
      0.15844438873479613,
      0.22120586235072248,
      0.15582869840714816,
      0.16553555061822695,
      0.15739975619573263
    ],