{
  "model": "gpt2",
  "tap": -1,
  "gates": {
    "pi_max": 0.1,
    "margin_min": 0.04,
    "S_median_min": 0.55,
    "r_trend_min": 0.9
  },
  "center": [
    1.0398662702263248,
    -0.46983990844320256
  ],
  "warp": {
    "sigma": 0.8086185546639345,
    "local_radius": 1.35,
    "depth_scale": 1.35,
    "mix_z": 0.12
  },
  "phantom": {
    "mode": "depth_weighted",
    "beta": 6.5,
    "nms_radius": 7
  },
  "pre": {
    "phantom_index": 0.8571428571428571,
    "margin_norm": 0.6732144536318875,
    "S_median": 0.19568863618231647,
    "debug": {
      "n_all": 8,
      "n_after_nms": 7,
      "U_rng": 0.12328829795887691
    }
  },
  "post": {
    "phantom_index": 0.9705882352941176,
    "margin_norm": 0.02260602261022488,
    "S_median": 0.15222500933123495,
    "r_trend_tokens": 0.45530747814013944,
    "debug": {
      "n_all": 37,
      "n_after_nms": 34,
      "U_rng": 0.05924860893212915
    }
  },
  "improve": {
    "d_phantom_index": 0.11344537815126055,
    "d_margin_norm": -0.6506084310216625,
    "d_S_median": -0.043463626851081516
  },
  "hist": {
    "pi": [
      0.8571428571428571,
      0.8888888888888888,
      0.8888888888888888,
      0.8571428571428571,
      0.875,
      0.875,
      0.8571428571428571,
      0.8571428571428571,
      0.8571428571428571,
      0.8571428571428571,
      0.8571428571428571,
      0.8333333333333334,
      0.8333333333333334,
      0.8333333333333334,
      0.8333333333333334,
      0.8333333333333334,
      0.8333333333333334,
      0.8,
      0.75,
      0.8,
      0.75,
      0.75,
      0.75,
      0.75,
      0.75,
      0.75,
      0.6666666666666666,
      0.6666666666666666,
      0.5,
      0.5,
      0.6666666666666666,
      0.5,
      0.5,
      0.75,
      0.8,
      0.75,
      0.8,
      0.8,
      0.8,
      0.8571428571428571,
      0.8888888888888888,
      0.8571428571428571,
      0.8,
      0.8571428571428571,
      0.875,
      0.9166666666666666,
      0.8888888888888888,
      0.8888888888888888,
      0.9166666666666666,
      0.9090909090909091,
      0.9090909090909091,
      0.9333333333333333,
      0.9333333333333333,
      0.9375,
      0.95,
      0.96,
      0.9473684210526315,
      0.9642857142857143,
      0.96,
      0.96,
      0.9615384615384616,
      0.9655172413793104,
      0.9565217391304348,
      0.9583333333333334,
      0.96875,
      0.96,
      0.967741935483871,
      0.9666666666666667,
      0.9629629629629629,
      0.9722222222222222,
      0.9705882352941176,
      0.9743589743589743,
      0.972972972972973,
      0.96875,
      0.9666666666666667,
      0.9655172413793104,
      0.967741935483871,
      0.9714285714285714,
      0.9696969696969697,
      0.9642857142857143,
      0.9696969696969697,
      0.9705882352941176,
      0.9705882352941176,
      0.9696969696969697,
      0.9705882352941176,
      0.96875,
      0.9696969696969697,
      0.9736842105263158,
      0.9705882352941176,
      0.9714285714285714,
      0.9655172413793104,
      0.9615384615384616,
      0.96875,
      0.9743589743589743,
      0.96875,
      0.96875,
      0.9705882352941176,
      0.9714285714285714,
      0.9736842105263158,
      0.9714285714285714,
      0.9736842105263158,
      0.9696969696969697,
      0.9743589743589743,
      0.9629629629629629,
      0.96875,
      0.9666666666666667,
      0.96875,
      0.9705882352941176,
      0.9629629629629629,
      0.96,
      0.9696969696969697,
      0.96,
      0.9642857142857143,
      0.9642857142857143,
      0.96875,
      0.9666666666666667,
      0.9615384615384616,
      0.972972972972973,
      0.9642857142857143,
      0.9615384615384616,
      0.9545454545454546,
      0.967741935483871,
      0.9615384615384616,
      0.9655172413793104,
      0.96875,
      0.9696969696969697,
      0.975,
      0.9705882352941176,
      0.9705882352941176
    ],
    "margin": [
      0.8079177871377323,
      0.808000583415222,
      0.7989419889373474,
      0.7712420143732973,
      0.7439755270480167,
      0.7218980999364656,
      0.6915815581624788,
      0.6616105113025286,
      0.6080860004295514,
      0.5988218820508889,
      0.35566877744472297,
      0.0734029180843152,
      0.21074072544468744,
      0.3815896053048314,
      0.41160308693688474,
      0.15946573044935528,
      0.11666903488071041,
      0.35187873614213927,
      0.45697765627246445,
      0.5623222580032722,
      0.6173695937077868,
      0.6860842888043521,
      0.7387729755235481,
      0.7890006315764461,
      0.8070208349520985,
      0.8512993415555096,
      0.8708012730783339,
      0.8912041240097749,
      0.864718860138441,
      0.8677141345986372,
      0.5574353500646314,
      0.8718004355309213,
      0.848459860692166,
      0.25149451710677634,
      0.33187051497017234,
      0.8839113912567693,
      0.5555156428605309,
      0.7279522457864982,
      0.5059469193577972,
      0.3252008111913307,
      0.49408865569937643,
      0.45632880430532347,
      0.27112601757369303,
      0.5592833857143605,
      0.13622218594656174,
      0.06546430762836843,
      0.05300871676748786,
      0.26136595170052873,
      0.00036809336719811496,
      0.15963425082638583,
      0.19301787452245414,
      0.44526052353072937,
      0.012665493930174375,
      0.16257289663259225,
      0.15796222968661452,
      0.12423932699567615,
      0.427667635883887,
      0.018177979332585432,
      0.17524197991175292,
      0.03292408045578611,
      0.1895129324098629,
      0.5450787256047009,
      0.3046922241867511,
      0.3406724301634543,
      0.2821537154110279,
      0.17687180973060668,
      0.005883362262954542,
      0.10228512795339731,
      0.016149597078472567,
      0.1693292158498541,
      0.029724119004679004,
      0.18142843223433025,
      0.058574240018232436,
      0.17087712765857163,
      0.19238582773136195,
      0.18110745825434887,
      0.1659856176431335,
      0.16283505849019966,
      0.16844887980213955,
      0.16544604698419588,
      0.027761633136867993,
      0.18580558025500193,
      0.038761331108683156,
      0.39381054071018257,
      0.17644164563584025,
      0.2171437784295796,
      0.17097281707081655,
      0.42630641764640403,
      0.170846508945504,
      0.26749771058550986,
      0.17520075553837786,
      0.17424993255592333,
      0.18841062489032417,
      0.22465296138091892,
      0.20188908526396263,
      0.19339169734923525,
      0.03633487780752735,
      0.16534539357752917,
      0.17200530073997367,
      0.17385869656811379,
      0.1742708872115273,
      0.32840840285376816,
      0.18353669184624746,
      0.14029676038845804,
      0.1680250168710837,
      0.15555167539215856,
      0.19390392289613514,
      0.2075141484695164,
      0.17574232251933677,
      0.40712736184793386,
      0.09377271452699355,
      0.1374770015452386,
      0.24089560951261335,
      0.30623167649640937,
      0.20661332808564714,
      0.03893424559732979,
      0.2334736517789505,
      0.12501934802791193,
      0.4479000917942972,
      0.44890242000294406,
      0.3638460441544944,
      0.188427549858285,
      0.026757377003585044,
      0.1329007837068393,
      0.40351750606385633,
      0.20223513903556783,
      0.15256553027520095,
      0.11112395482087112,
      0.02260602261022488
    ],