{
  "model": "gpt2",
  "tap": -1,
  "gates": {
    "pi_max": 0.1,
    "margin_min": 0.04,
    "S_median_min": 0.55,
    "r_trend_min": 0.9
  },
  "center": [
    0.5766231587595747,
    -0.9335957039141953
  ],
  "warp": {
    "sigma": 1.6609158544063385,
    "local_radius": 1.35,
    "depth_scale": 1.35,
    "mix_z": 0.12
  },
  "phantom": {
    "mode": "depth_weighted",
    "beta": 6.5,
    "nms_radius": 7
  },
  "pre": {
    "phantom_index": 0.875,
    "margin_norm": 0.06916873627859718,
    "S_median": 0.17391234669189706,
    "debug": {
      "n_all": 9,
      "n_after_nms": 8,
      "U_rng": 0.13550315989299436
    }
  },
  "post": {
    "phantom_index": 0.9666666666666667,
    "margin_norm": 0.008139822043569975,
    "S_median": 0.1708442301180591,
    "r_trend_tokens": 0.47202565324923496,
    "debug": {
      "n_all": 32,
      "n_after_nms": 30,
      "U_rng": 0.0451316719727042
    }
  },
  "improve": {
    "d_phantom_index": 0.09166666666666667,
    "d_margin_norm": -0.06102891423502721,
    "d_S_median": -0.003068116573837959
  },
  "hist": {
    "pi": [
      0.875,
      0.8571428571428571,
      0.8571428571428571,
      0.8333333333333334,
      0.8333333333333334,
      0.8,
      0.8333333333333334,
      0.8,
      0.8,
      0.8,
      0.8,
      0.8,
      0.8,
      0.8,
      0.8,
      0.8,
      0.8,
      0.75,
      0.75,
      0.6666666666666666,
      0.6666666666666666,
      0.6666666666666666,
      0.6666666666666666,
      0.75,
      0.75,
      0.75,
      0.75,
      0.75,
      0.75,
      0.75,
      0.8,
      0.8,
      0.8,
      0.8333333333333334,
      0.8571428571428571,
      0.875,
      0.875,
      0.875,
      0.875,
      0.8888888888888888,
      0.875,
      0.9,
      0.9,
      0.9166666666666666,
      0.9090909090909091,
      0.9090909090909091,
      0.9090909090909091,
      0.875,
      0.9,
      0.9,
      0.9,
      0.9166666666666666,
      0.9090909090909091,
      0.8888888888888888,
      0.9166666666666666,
      0.9230769230769231,
      0.9333333333333333,
      0.9166666666666666,
      0.9411764705882353,
      0.9523809523809523,
      0.9523809523809523,
      0.9523809523809523,
      0.9565217391304348,
      0.96,
      0.9565217391304348,
      0.9629629629629629,
      0.9565217391304348,
      0.9565217391304348,
      0.9696969696969697,
      0.9714285714285714,
      0.9666666666666667,
      0.9714285714285714,
      0.967741935483871,
      0.9642857142857143,
      0.9696969696969697,
      0.9629629629629629,
      0.967741935483871,
      0.9583333333333334,
      0.9629629629629629,
      0.9655172413793104,
      0.9655172413793104,
      0.9696969696969697,
      0.9666666666666667,
      0.9666666666666667,
      0.9666666666666667,
      0.9714285714285714,
      0.9722222222222222,
      0.9696969696969697,
      0.9655172413793104,
      0.9705882352941176,
      0.9714285714285714,
      0.9705882352941176,
      0.9705882352941176,
      0.9722222222222222,
      0.9714285714285714,
      0.96875,
      0.9666666666666667
    ],
    "margin": [
      0.06970189982417277,
      0.12698311143327629,
      0.17857363557132125,
      0.1466859697796418,
      0.19410929736383647,
      0.23174057507912704,
      0.23920677449608888,
      0.3050444796902443,
      0.17597120002906247,
      0.1968813503207084,
      0.04447464831756354,
      0.05069999110420976,
      0.03738459708619104,
      0.08462998971776416,
      0.145897526590914,
      0.2692333787775219,
      0.24241346701000446,
      0.28302185978664574,
      0.38395744762425515,
      0.31994652002134866,
      0.42471638659855265,
      0.37412081308876727,
      0.3952153793479475,
      0.37634194536839644,
      0.2787303155039979,
      0.373320095708097,
      0.4448910543702611,
      0.41784879542415876,
      0.3445984216172258,
      0.4590099538238012,
      0.24480984457993832,
      0.31875691465980777,
      0.37749402194231246,
      0.46147030152348484,
      0.41237623222320074,
      0.4415719582975942,
      0.3737713293917422,
      0.2599777390745072,
      0.21969777001111593,
      0.2626087166961059,
      0.1891886580932469,
      0.09423577133114086,
      0.1000540722682017,
      0.031142365763815877,
      0.015605088849097169,
      0.10005372069063749,
      0.13063425974213974,
      0.13229643748133507,
      0.017391921818043037,
      0.08636736847593561,
      0.17071512190363566,
      0.04536425508308747,
      0.08768944969189532,
      0.16089777859189652,
      0.16649410647357407,
      0.1995797024116131,
      0.06870535595876584,
      0.10659208933805653,
      0.06714113106831884,
      0.06263631059202344,
      0.07855172139550096,
      0.058394694893425865,
      0.06441606004106745,
      0.0651676577865441,
      0.08250930223300211,
      0.3465990338249134,
      0.0729311829197821,
      0.08057389751113561,
      0.08317006771060556,
      0.0664563684226846,
      0.006415169209408375,
      0.0626988220673443,
      0.05288103726379625,
      0.060141156105490104,
      0.06457402422068169,
      0.06509931426946361,
      0.03245965441587538,
      0.04259740371329786,
      0.07404257908857181,
      0.016119272730530848,
      0.059424614690399134,
      0.1783965887510715,
      0.06705752301390994,
      0.09001034486177077,
      0.16937867325567146,
      0.14251350892387962,
      0.1785493064494354,
      0.06295009842198272,
      0.07161859045149477,
      0.06574114999472633,
      0.08413554200996497,
      0.08706870261502558,
      0.03032334351780733,
      0.02048003826671375,
      0.15714338825610133,
      0.13207129211385057,
      0.008139822043569975
    ],