{
  "model": "gpt2",
  "tap": -1,
  "gates": {
    "pi_max": 0.1,
    "margin_min": 0.04,
    "S_median_min": 0.55,
    "r_trend_min": 0.9
  },
  "center": [
    0.5766231587595747,
    -0.9335957039141953
  ],
  "warp": {
    "sigma": 1.6609158544063385,
    "local_radius": 1.35,
    "depth_scale": 1.35,
    "mix_z": 0.12
  },
  "phantom": {
    "mode": "depth_weighted",
    "beta": 6.5,
    "nms_radius": 7
  },
  "pre": {
    "phantom_index": 0.875,
    "margin_norm": 0.06916873627859718,
    "S_median": 0.17391234669189706,
    "debug": {
      "n_all": 9,
      "n_after_nms": 8,
      "U_rng": 0.13550315989299436
    }
  },
  "post": {
    "phantom_index": 0.972972972972973,
    "margin_norm": 0.05537083667238945,
    "S_median": 0.20085891639868303,
    "r_trend_tokens": 0.47148314977569705,
    "debug": {
      "n_all": 39,
      "n_after_nms": 37,
      "U_rng": 0.039790136140764015
    }
  },
  "improve": {
    "d_phantom_index": 0.09797297297297303,
    "d_margin_norm": -0.013797899606207732,
    "d_S_median": 0.026946569706785967
  },
  "hist": {
    "pi": [
      0.875,
      0.875,
      0.875,
      0.8888888888888888,
      0.875,
      0.8571428571428571,
      0.8888888888888888,
      0.8571428571428571,
      0.8571428571428571,
      0.8,
      0.8,
      0.8,
      0.8,
      0.8,
      0.8,
      0.8,
      0.8,
      0.8,
      0.8,
      0.8,
      0.8,
      0.8,
      0.75,
      0.8,
      0.75,
      0.8,
      0.8,
      0.8333333333333334,
      0.8,
      0.8,
      0.8333333333333334,
      0.8571428571428571,
      0.8571428571428571,
      0.8,
      0.8571428571428571,
      0.8571428571428571,
      0.875,
      0.875,
      0.8888888888888888,
      0.875,
      0.9,
      0.9,
      0.8888888888888888,
      0.9090909090909091,
      0.9090909090909091,
      0.9090909090909091,
      0.9230769230769231,
      0.9333333333333333,
      0.9411764705882353,
      0.9333333333333333,
      0.9444444444444444,
      0.9473684210526315,
      0.95,
      0.9545454545454546,
      0.9523809523809523,
      0.9583333333333334,
      0.9583333333333334,
      0.9545454545454546,
      0.9565217391304348,
      0.9583333333333334,
      0.9583333333333334,
      0.9642857142857143,
      0.967741935483871,
      0.96875,
      0.9714285714285714,
      0.9736842105263158,
      0.9736842105263158,
      0.975,
      0.972972972972973,
      0.9722222222222222,
      0.9629629629629629,
      0.9736842105263158,
      0.96875,
      0.9655172413793104,
      0.9714285714285714,
      0.972972972972973,
      0.972972972972973,
      0.9705882352941176,
      0.9655172413793104,
      0.9743589743589743,
      0.9714285714285714,
      0.9696969696969697,
      0.9736842105263158,
      0.96875,
      0.9714285714285714,
      0.9696969696969697,
      0.972972972972973,
      0.96875,
      0.972972972972973,
      0.9722222222222222,
      0.9714285714285714,
      0.9736842105263158,
      0.96875,
      0.9705882352941176,
      0.96875,
      0.96875,
      0.967741935483871,
      0.9565217391304348,
      0.9545454545454546,
      0.9565217391304348,
      0.9629629629629629,
      0.9655172413793104,
      0.9696969696969697,
      0.96875,
      0.9761904761904762,
      0.9743589743589743,
      0.967741935483871,
      0.9696969696969697,
      0.9714285714285714,
      0.9714285714285714,
      0.9642857142857143,
      0.9655172413793104,
      0.96875,
      0.9714285714285714,
      0.96875,
      0.9696969696969697,
      0.9743589743589743,
      0.9722222222222222,
      0.9722222222222222,
      0.9655172413793104,
      0.96,
      0.9642857142857143,
      0.96875,
      0.96,
      0.9615384615384616,
      0.95,
      0.9583333333333334,
      0.9642857142857143,
      0.972972972972973
    ],
    "margin": [
      0.06970189982417277,
      0.20762369986639373,
      0.20239626571601008,
      0.29948071221613376,
      0.29538957886573364,
      0.3164536345579732,
      0.30189755253430806,
      0.242868702250879,
      0.09486528470717458,
      0.08397269057582728,
      0.12652706305034458,
      0.013429132696072738,
      0.17379214704160514,
      0.16510792322706147,
      0.236804771561357,
      0.31715455073043286,
      0.2793782442883717,
      0.31754835443539614,
      0.35873067904177736,
      0.384564948429176,
      0.4082929124128992,
      0.31387752834391547,
      0.47234681132652023,
      0.24298429007702693,
      0.31277787645915983,
      0.2916081169650449,
      0.0026491809914120303,
      0.19757731326694697,
      0.07459567826907336,
      0.22949868678463034,
      0.07526071563796433,
      0.14329965709019274,
      0.01697270409858057,
      0.44137399452034426,
      0.5314419770031976,
      0.5609538718105538,
      0.4081641969269117,
      0.3917222324071433,
      0.3590284258510333,
      0.4567106731215715,
      0.24366356229140146,
      0.274181661990981,
      0.10633908461513929,
      0.0377428854270343,
      0.11075062935230146,
      0.15138929380746655,
      0.6895248014039569,
      0.21048821527696274,
      0.2729370906250684,
      0.18133659123112564,
      0.5324922620985472,
      0.5379142754665804,
      0.14973133613741127,
      0.1377124338996378,
      0.13701358680062387,
      0.13514298536372982,
      0.17794625230891062,
      0.2264678551902488,
      0.13247278581707939,
      0.15388765346089395,
      0.261144778203411,
      0.14385294367925286,
      0.13744044403676284,
      0.13924946881510414,
      0.22246448633936425,
      0.05373545242946246,
      0.18657237252548212,
      0.16782369872839678,
      0.17850714971708276,
      0.1787610959538557,
      0.16863695839835832,
      0.2485424318370872,
      0.1576328857929543,
      0.18104850155888563,
      0.17898024797911483,
      0.1850463333812061,
      0.18741212451648812,
      0.15775029428263204,
      0.1772542467270289,
      0.2132344587105305,
      0.16168372288937494,
      0.17720698802734744,
      0.20479911109951945,
      0.1619029456925729,
      0.18071346186760284,
      0.1852546780978166,
      0.20188387391956786,
      0.15785914606886486,
      0.13553314065880354,
      0.06002904538150265,
      0.1816447665176583,
      0.18006601718903048,
      0.1782671637976594,
      0.2847545368998739,
      0.197237914524903,
      0.18344245158096226,
      0.3301309448955473,
      0.25934853657266105,
      0.12354659419252861,
      0.3366576776973803,
      0.18445863829830494,
      0.17941282222043364,
      0.09895811223352614,
      0.18867028513654818,
      0.21175736769680645,
      0.18091572158526817,
      0.179727165823442,
      0.17826670599346603,
      0.07382357325074186,
      0.17824104325701662,
      0.15613798722246855,
      0.17401604558007666,
      0.1359573782268766,
      0.05779518232454838,
      0.18078819400817828,
      0.19617791296069842,
      0.14383854191266285,
      0.3362517809524144,
      0.13670729299133427,
      0.18597640596300619,
      0.28804417500811885,
      0.19395480787609065,
      0.18021347372611532,
      0.248650568162187,
      0.18536568783075183,
      0.08082172232055523,
      0.17896447193932064,
      0.1818189560121293,
      0.05537083667238945
    ],