{
  "model": "gpt2",
  "tap": -1,
  "gates": {
    "pi_max": 0.1,
    "margin_min": 0.04,
    "S_median_min": 0.55,
    "r_trend_min": 0.9
  },
  "center": [
    1.0398662702263248,
    -0.46983990844320256
  ],
  "warp": {
    "sigma": 0.8086185546639345,
    "local_radius": 1.35,
    "depth_scale": 1.35,
    "mix_z": 0.12
  },
  "phantom": {
    "mode": "depth_weighted",
    "beta": 6.5,
    "nms_radius": 7
  },
  "pre": {
    "phantom_index": 0.8571428571428571,
    "margin_norm": 0.6732144536318875,
    "S_median": 0.19568863618231647,
    "debug": {
      "n_all": 8,
      "n_after_nms": 7,
      "U_rng": 0.12328829795887691
    }
  },
  "post": {
    "phantom_index": 0.9696969696969697,
    "margin_norm": 0.18357511598230303,
    "S_median": 0.18148644766755373,
    "r_trend_tokens": 0.45530747814013944,
    "debug": {
      "n_all": 35,
      "n_after_nms": 33,
      "U_rng": 0.03984228739406013
    }
  },
  "improve": {
    "d_phantom_index": 0.11255411255411263,
    "d_margin_norm": -0.48963933764958445,
    "d_S_median": -0.014202188514762737
  },
  "hist": {
    "pi": [
      0.8571428571428571,
      0.875,
      0.875,
      0.875,
      0.8333333333333334,
      0.875,
      0.875,
      0.8571428571428571,
      0.8571428571428571,
      0.8571428571428571,
      0.8333333333333334,
      0.8,
      0.8333333333333334,
      0.8333333333333334,
      0.8333333333333334,
      0.8333333333333334,
      0.8,
      0.8333333333333334,
      0.8,
      0.8,
      0.8,
      0.8333333333333334,
      0.8,
      0.8333333333333334,
      0.8,
      0.8,
      0.8333333333333334,
      0.8,
      0.8,
      0.8,
      0.75,
      0.75,
      0.75,
      0.8333333333333334,
      0.8,
      0.8571428571428571,
      0.8571428571428571,
      0.8571428571428571,
      0.8888888888888888,
      0.8571428571428571,
      0.8571428571428571,
      0.8,
      0.8571428571428571,
      0.8888888888888888,
      0.9090909090909091,
      0.9166666666666666,
      0.9,
      0.9166666666666666,
      0.9,
      0.9166666666666666,
      0.9285714285714286,
      0.9333333333333333,
      0.9333333333333333,
      0.9375,
      0.9230769230769231,
      0.9333333333333333,
      0.9333333333333333,
      0.9285714285714286,
      0.9166666666666666,
      0.9411764705882353,
      0.9333333333333333,
      0.9444444444444444,
      0.9523809523809523,
      0.9444444444444444,
      0.9444444444444444,
      0.9444444444444444,
      0.9473684210526315,
      0.9565217391304348,
      0.9473684210526315,
      0.9523809523809523,
      0.9642857142857143,
      0.96875,
      0.9655172413793104,
      0.9655172413793104,
      0.967741935483871,
      0.9666666666666667,
      0.96875,
      0.972972972972973,
      0.9705882352941176,
      0.96875,
      0.9655172413793104,
      0.9655172413793104,
      0.9655172413793104,
      0.9642857142857143,
      0.9655172413793104,
      0.9615384615384616,
      0.9615384615384616,
      0.96,
      0.96,
      0.9545454545454546,
      0.9655172413793104,
      0.9722222222222222,
      0.9629629629629629,
      0.967741935483871,
      0.967741935483871,
      0.9666666666666667,
      0.9696969696969697
    ],
    "margin": [
      0.8079177871377323,
      0.8305722731998807,
      0.8101605379857107,
      0.7749712076950006,
      0.7452832834258609,
      0.7103936695322146,
      0.6865955699801015,
      0.6461051232516262,
      0.6104207267981037,
      0.6035530212008511,
      0.5955959436757141,
      0.5216848170544777,
      0.49831910393031403,
      0.4415006557710563,
      0.3153294293109097,
      0.05983471507994875,
      0.23029820521724453,
      0.27356529243848937,
      0.3376000863032397,
      0.334766561088045,
      0.02255393727547889,
      0.12289446730540021,
      0.3125754531005974,
      0.35354101456883713,
      0.32845526178752726,
      0.47946538734327987,
      0.4183323052486361,
      0.5226940164504686,
      0.6252290398808741,
      0.5819217319713583,
      0.6982296503526458,
      0.7978721002835567,
      0.8445541329131517,
      0.8357050243363486,
      0.8405138686076578,
      0.8167319894467695,
      0.760309997965881,
      0.801087585031068,
      0.017599981608383858,
      0.378621533097186,
      0.24448734432824526,
      0.8331531259234073,
      0.8892000844464206,
      0.4473881118493338,
      0.10803286322917065,
      0.6311280240033854,
      0.399116706689775,
      0.07265103817856358,
      0.23677472396597105,
      0.1838864442599566,
      0.3497515389816189,
      0.021766474449995927,
      0.6801714499887993,
      0.30439676638325674,
      0.2234163474121134,
      0.32504298682019633,
      0.4241733047291933,
      0.5889835264421039,
      0.31817146765534127,
      0.0345252543131866,
      0.06769964047907426,
      0.07665051036722582,
      0.27708689896492616,
      0.03879907421670289,
      0.19510883506795648,
      0.3041875882433441,
      0.26113616247027255,
      0.12073769467268956,
      0.07869317039163187,
      0.049395009347475545,
      0.019469413673956992,
      0.16884966595198594,
      0.0251584790507998,
      0.021186177088059012,
      0.1724514650393649,
      0.1854065698198722,
      0.14270041819473675,
      0.1772684634072033,
      0.1759412468293842,
      0.14357767072185523,
      0.1949351710967051,
      0.17509972640477178,
      0.18931065179476775,
      0.13970381904540585,
      0.06038526348272638,
      0.1970828827433408,
      0.4631533599491449,
      0.18248491236436448,
      0.18522932011302914,
      0.03702494347541738,
      0.0266196377354016,
      0.13128277878952166,
      0.18198945070514944,
      0.1682221364025178,
      0.09875530864341282,
      0.1766628104951789,
      0.18357511598230303
    ],