{
  "model": "gpt2",
  "tap": -1,
  "gates": {
    "pi_max": 0.1,
    "margin_min": 0.04,
    "S_median_min": 0.55,
    "r_trend_min": 0.9
  },
  "center": [
    0.5766231587595747,
    -0.9335957039141953
  ],
  "warp": {
    "sigma": 1.6609158544063385,
    "local_radius": 1.35,
    "depth_scale": 1.35,
    "mix_z": 0.12
  },
  "phantom": {
    "mode": "depth_weighted",
    "beta": 6.5,
    "nms_radius": 7
  },
  "pre": {
    "phantom_index": 0.875,
    "margin_norm": 0.06916873627859718,
    "S_median": 0.17391234669189706,
    "debug": {
      "n_all": 9,
      "n_after_nms": 8,
      "U_rng": 0.13550315989299436
    }
  },
  "post": {
    "phantom_index": 0.9583333333333334,
    "margin_norm": 0.1717732638352381,
    "S_median": 0.19514529940450903,
    "r_trend_tokens": 0.4713846276082094,
    "debug": {
      "n_all": 27,
      "n_after_nms": 24,
      "U_rng": 0.039790136140764015
    }
  },
  "improve": {
    "d_phantom_index": 0.08333333333333337,
    "d_margin_norm": 0.10260452755664093,
    "d_S_median": 0.02123295271261197
  },
  "hist": {
    "pi": [
      0.875,
      0.9,
      0.8888888888888888,
      0.875,
      0.8571428571428571,
      0.8571428571428571,
      0.8,
      0.75,
      0.75,
      0.75,
      0.6666666666666666,
      0.6666666666666666,
      0.6666666666666666,
      0.6666666666666666,
      0.6666666666666666,
      0.6666666666666666,
      0.6666666666666666,
      0.6666666666666666,
      0.6666666666666666,
      0.6666666666666666,
      0.6666666666666666,
      0.75,
      0.75,
      0.75,
      0.8,
      0.8333333333333334,
      0.8,
      0.8,
      0.8333333333333334,
      0.8333333333333334,
      0.8333333333333334,
      0.875,
      0.8888888888888888,
      0.875,
      0.8571428571428571,
      0.8333333333333334,
      0.875,
      0.8571428571428571,
      0.8571428571428571,
      0.8888888888888888,
      0.8888888888888888,
      0.8888888888888888,
      0.9,
      0.9,
      0.9090909090909091,
      0.9285714285714286,
      0.9333333333333333,
      0.9333333333333333,
      0.9411764705882353,
      0.9523809523809523,
      0.9545454545454546,
      0.9523809523809523,
      0.95,
      0.95,
      0.9523809523809523,
      0.9545454545454546,
      0.9714285714285714,
      0.9642857142857143,
      0.967741935483871,
      0.9642857142857143,
      0.9629629629629629,
      0.9696969696969697,
      0.9696969696969697,
      0.972972972972973,
      0.9666666666666667,
      0.9655172413793104,
      0.967741935483871,
      0.9666666666666667,
      0.96875,
      0.9743589743589743,
      0.9615384615384616,
      0.967741935483871,
      0.9615384615384616,
      0.9722222222222222,
      0.9743589743589743,
      0.9722222222222222,
      0.96875,
      0.96875,
      0.9705882352941176,
      0.9705882352941176,
      0.9629629629629629,
      0.9629629629629629,
      0.9655172413793104,
      0.96875,
      0.967741935483871,
      0.9705882352941176,
      0.972972972972973,
      0.9736842105263158,
      0.9655172413793104,
      0.9629629629629629,
      0.9655172413793104,
      0.9714285714285714,
      0.9736842105263158,
      0.9655172413793104,
      0.9696969696969697,
      0.96875,
      0.9705882352941176,
      0.9696969696969697,
      0.972972972972973,
      0.96875,
      0.9642857142857143,
      0.9642857142857143,
      0.9705882352941176,
      0.967741935483871,
      0.9714285714285714,
      0.967741935483871,
      0.9705882352941176,
      0.967741935483871,
      0.9705882352941176,
      0.9642857142857143,
      0.96875,
      0.96,
      0.9696969696969697,
      0.96875,
      0.9696969696969697,
      0.9722222222222222,
      0.9655172413793104,
      0.967741935483871,
      0.9696969696969697,
      0.9642857142857143,
      0.9615384615384616,
      0.96,
      0.9642857142857143,
      0.9629629629629629,
      0.9666666666666667,
      0.9615384615384616,
      0.96875,
      0.9629629629629629,
      0.9583333333333334
    ],
    "margin": [
      0.06970189982417277,
      0.1283084082283215,
      0.16601860268158114,
      0.15323930677689382,
      0.26696547051237646,
      0.3108725607326204,
      0.36358102974117706,
      0.12946168621837323,
      0.21170115466350076,
      0.003923308387217448,
      0.08634079403635041,
      0.17321482250320538,
      0.20073923435639165,
      0.1449405508328961,
      0.24250545201051404,
      0.31530420554675515,
      0.36033055666377867,
      0.4173917946360172,
      0.3249867213141896,
      0.37319973708678206,
      0.41790253499007124,
      0.3981786867292669,
      0.4087612239998219,
      0.5275426844657265,
      0.3296422642664669,
      0.1659147821151141,
      0.1379826704137779,
      0.2147327336813099,
      0.019924243479670103,
      0.17652815722024434,
      0.02660120751812811,
      0.0907240915406678,
      0.09105844852209662,
      0.0019929518440036337,
      0.15126319425921933,
      0.10869586123300197,
      0.022418611091388808,
      0.014889163243875101,
      0.08208588035900326,
      0.1324730820994463,
      0.0526397361552628,
      0.030022708815692377,
      0.24763674266583877,
      0.08904564273088245,
      0.014528917871884163,
      0.021896146896612696,
      0.003369748332933907,
      0.032081370481160346,
      0.1352366496386197,
      0.09449084784321364,
      0.07318275018694619,
      0.01602518543891581,
      0.030296744849373846,
      0.1610276283957764,
      0.02494888265707859,
      0.09767146286304683,
      0.017309958047865164,
      0.054019151314607064,
      0.16677284009268925,
      0.17396765499951197,
      0.1788982296727513,
      0.1780436126855951,
      0.2913215020470833,
      0.17875369398376603,
      0.17885599032268173,
      0.1728747835621545,
      0.05336976267371083,
      0.21439972423848874,
      0.15811769218507202,
      0.19638996394858307,
      0.13662642522037782,
      0.1623276858488529,
      0.18560429584419338,
      0.15777523484328024,
      0.031964288068211215,
      0.19217198029033072,
      0.17581101067943167,
      0.14687030562672393,
      0.19238363449304635,
      0.17873305440261156,
      0.17235057373204907,
      0.14470723122746287,
      0.17858369043793143,
      0.262812233493108,
      0.06582066592723577,
      0.2977867985469624,
      0.2768212741465226,
      0.12039846128086566,
      0.146899565442532,
      0.17844832877770048,
      0.17102414436514102,
      0.14494168000230065,
      0.2371901200753673,
      0.29780119667586913,
      0.19045016756316313,
      0.07195403685425986,
      0.1788121006372931,
      0.14515938375448886,
      0.19411016700976147,
      0.18823729945105086,
      0.40919859904131956,
      0.19678607890055136,
      0.19672159037435366,
      0.17876332242052453,
      0.18527585626843682,
      0.1888189916362252,
      0.185285436673121,
      0.1838042097852983,
      0.16354431518287119,
      0.037588066267606496,
      0.15522533374690842,
      0.12250632688881415,
      0.18100799253842062,
      0.05329021746420155,
      0.11832378867164878,
      0.17478811659501328,
      0.06590674966531547,
      0.17845207929022763,
      0.05388722310678727,
      0.1769391238273284,
      0.2782278423025301,
      0.18141490513123604,
      0.21251444509101172,
      0.12994227248728749,
      0.18537907906541282,
      0.12164589210110388,
      0.181869108540927,
      0.18157222357867359,
      0.1717732638352381
    ],