{
  "model": "gpt2",
  "tap": -1,
  "gates": {
    "pi_max": 0.1,
    "margin_min": 0.04,
    "S_median_min": 0.55,
    "r_trend_min": 0.9
  },
  "center": [
    1.0398662702263248,
    -0.46983990844320256
  ],
  "warp": {
    "sigma": 0.8086185546639345,
    "local_radius": 1.35,
    "depth_scale": 1.35,
    "mix_z": 0.12
  },
  "phantom": {
    "mode": "depth_weighted",
    "beta": 6.5,
    "nms_radius": 7
  },
  "pre": {
    "phantom_index": 0.8571428571428571,
    "margin_norm": 0.6732144536318875,
    "S_median": 0.19568863618231647,
    "debug": {
      "n_all": 8,
      "n_after_nms": 7,
      "U_rng": 0.12328829795887691
    }
  },
  "post": {
    "phantom_index": 0.9655172413793104,
    "margin_norm": 0.158505006456193,
    "S_median": 0.1580383634305934,
    "r_trend_tokens": 0.4552616905943519,
    "debug": {
      "n_all": 31,
      "n_after_nms": 29,
      "U_rng": 0.060370828866748
    }
  },
  "improve": {
    "d_phantom_index": 0.10837438423645329,
    "d_margin_norm": -0.5147094471756944,
    "d_S_median": -0.03765027275172306
  },
  "hist": {
    "pi": [
      0.8571428571428571,
      0.8888888888888888,
      0.8888888888888888,
      0.8571428571428571,
      0.8888888888888888,
      0.8888888888888888,
      0.8571428571428571,
      0.8571428571428571,
      0.8333333333333334,
      0.8333333333333334,
      0.8333333333333334,
      0.8333333333333334,
      0.8333333333333334,
      0.8333333333333334,
      0.8333333333333334,
      0.8333333333333334,
      0.8333333333333334,
      0.75,
      0.8,
      0.75,
      0.8,
      0.8,
      0.6666666666666666,
      0.75,
      0.75,
      0.6666666666666666,
      0.75,
      0.6666666666666666,
      0.75,
      0.75,
      0.75,
      0.75,
      0.8,
      0.8,
      0.8333333333333334,
      0.8,
      0.8,
      0.8571428571428571,
      0.8571428571428571,
      0.875,
      0.8333333333333334,
      0.8571428571428571,
      0.8571428571428571,
      0.9,
      0.8888888888888888,
      0.8888888888888888,
      0.9,
      0.9090909090909091,
      0.9,
      0.9285714285714286,
      0.9411764705882353,
      0.9333333333333333,
      0.9523809523809523,
      0.9583333333333334,
      0.9565217391304348,
      0.9642857142857143,
      0.9615384615384616,
      0.9615384615384616,
      0.9642857142857143,
      0.9642857142857143,
      0.96,
      0.9629629629629629,
      0.96875,
      0.9705882352941176,
      0.9705882352941176,
      0.9655172413793104,
      0.967741935483871,
      0.9722222222222222,
      0.96875,
      0.9666666666666667,
      0.9714285714285714,
      0.975,
      0.9696969696969697,
      0.9714285714285714,
      0.9615384615384616,
      0.96875,
      0.9655172413793104,
      0.9666666666666667,
      0.967741935483871,
      0.9655172413793104,
      0.9696969696969697,
      0.9666666666666667,
      0.9642857142857143,
      0.9705882352941176,
      0.96875,
      0.9696969696969697,
      0.9642857142857143,
      0.972972972972973,
      0.96875,
      0.967741935483871,
      0.9705882352941176,
      0.967741935483871,
      0.9722222222222222,
      0.9666666666666667,
      0.967741935483871,
      0.9642857142857143,
      0.9696969696969697,
      0.9696969696969697,
      0.96875,
      0.9666666666666667,
      0.9655172413793104,
      0.967741935483871,
      0.96875,
      0.9666666666666667,
      0.967741935483871,
      0.9666666666666667,
      0.9642857142857143,
      0.96875,
      0.9666666666666667,
      0.9666666666666667,
      0.9642857142857143,
      0.9655172413793104,
      0.96875,
      0.9696969696969697,
      0.9705882352941176,
      0.972972972972973,
      0.975609756097561,
      0.9714285714285714,
      0.9722222222222222,
      0.9666666666666667,
      0.9714285714285714,
      0.9642857142857143,
      0.967741935483871,
      0.96875,
      0.9705882352941176,
      0.9666666666666667,
      0.9629629629629629,
      0.9629629629629629,
      0.9655172413793104
    ],
    "margin": [
      0.8079177871377323,
      0.7919650067392503,
      0.7412825133859443,
      0.703893105031949,
      0.700266063415338,
      0.6978724023530253,
      0.6796669767611062,
      0.6466868420137892,
      0.5996003612880859,
      0.6092894969583237,
      0.44265149053434644,
      0.24444486060304713,
      0.14116280731322478,
      0.3885860042071247,
      0.23475890803622573,
      0.1297748121640333,
      0.19312651054937646,
      0.3306374382542934,
      0.4410375859025952,
      0.5784235337325254,
      0.61214542591452,
      0.6996442885705644,
      0.7557971613125267,
      0.8248686415500901,
      0.83099717564245,
      0.8737416721575387,
      0.8742720591009945,
      0.8850492490195935,
      0.8980725216060983,
      0.9177512829348818,
      0.926705205174302,
      0.9084937035496209,
      0.8677759940425803,
      0.8866084129429654,
      0.6353547635303716,
      0.9076669875132132,
      0.019805080119417114,
      0.6377881891635537,
      0.03315182211269154,
      0.33069355168463466,
      0.5644186859383322,
      0.4955761265407406,
      0.27065957158623527,
      0.07897139058404794,
      0.013995986651477093,
      0.5157574536790277,
      0.08140188086452692,
      0.43098790083160704,
      0.07265958961513516,
      0.10587918042620992,
      0.021347316434810637,
      0.22522096083685023,
      0.005523665099128788,
      0.24128067057879019,
      0.20813489914111374,
      0.1235141354359483,
      0.3244758704212213,
      0.2231891413668377,
      0.24102470376810428,
      0.10920488105566366,
      0.2085902553628025,
      0.23287023046313873,
      0.11983261385718887,
      0.17004099750556817,
      0.24881719061504537,
      0.09574508068322758,
      0.32633375974136686,
      0.1369949399071742,
      0.13823338125667067,
      0.11197268139012607,
      0.18748519353739954,
      0.17247587679593715,
      0.170396935187259,
      0.16814985979587788,
      0.13393650488193648,
      0.16365860946605332,
      0.20263547794583692,
      0.184529646773889,
      0.17713723416032526,
      0.18879555522510968,
      0.12226686954617574,
      0.16709060966461325,
      0.0014303078896504247,
      0.12638428271323318,
      0.09009971696691942,
      0.13845946436556722,
      0.09882916843438892,
      0.38946059495452345,
      0.11431548969171443,
      0.0569061820489638,
      0.08668411798082919,
      0.2670993130292977,
      0.17769587717312502,
      0.20578936928030567,
      0.03657986567635296,
      0.1889064520467982,
      0.23253851679939844,
      0.14924905744788866,
      0.09943594419425344,
      0.1811387538604272,
      0.18529843824002368,
      0.1855290023679574,
      0.18892668152836226,
      0.18956089759597836,
      0.18611608633525809,
      0.17815290359755273,
      0.07777734332811731,
      0.18806577182149511,
      0.08343728523292818,
      0.34080263543975325,
      0.40245244626443877,
      0.16933760038126044,
      0.106858694232644,
      0.09638803447366638,
      0.10851404582790196,
      0.17688660996500669,
      0.13422752450149958,
      0.2534942478722515,
      0.24594089605536174,
      0.14236012144846896,
      0.23679036600365028,
      0.16852094610475285,
      0.14509967205396718,
      0.1354606627458573,
      0.11602609335664317,
      0.07100082044094731,
      0.11999278867913458,
      0.1804993927565179,
      0.158505006456193
    ],