{
  "model": "gpt2",
  "tap": -2,
  "gates": {
    "pi_max": 0.1,
    "margin_min": 0.04,
    "S_median_min": 0.55,
    "r_trend_min": 0.9
  },
  "center": [
    1.5067418065308693,
    -0.24277882132913065
  ],
  "warp": {
    "sigma": 1.698258078066308,
    "local_radius": 1.35,
    "depth_scale": 1.35,
    "mix_z": 0.12
  },
  "phantom": {
    "mode": "depth_weighted",
    "beta": 6.5,
    "nms_radius": 7
  },
  "pre": {
    "phantom_index": 0.6666666666666666,
    "margin_norm": 0.011715903088947962,
    "S_median": 0.19918154327528984,
    "debug": {
      "n_all": 4,
      "n_after_nms": 3,
      "U_rng": 0.5243336440913752
    }
  },
  "post": {
    "phantom_index": 0.96875,
    "margin_norm": 0.03619017947803289,
    "S_median": 0.1842451771817135,
    "r_trend_tokens": 0.46934322502210424,
    "debug": {
      "n_all": 35,
      "n_after_nms": 32,
      "U_rng": 0.042336154369983066
    }
  },
  "improve": {
    "d_phantom_index": 0.30208333333333337,
    "d_margin_norm": 0.024474276389084927,
    "d_S_median": -0.014936366093576348
  },
  "hist": {
    "pi": [
      0.6666666666666666,
      0.75,
      0.6666666666666666,
      0.6666666666666666,
      0.6666666666666666,
      0.5,
      0.6666666666666666,
      0.75,
      0.75,
      0.75,
      0.75,
      0.75,
      0.75,
      0.75,
      0.75,
      0.75,
      0.75,
      0.8,
      0.8,
      0.8,
      0.8333333333333334,
      0.8333333333333334,
      0.8333333333333334,
      0.8333333333333334,
      0.8333333333333334,
      0.8,
      0.75,
      0.75,
      0.75,
      0.8,
      0.8,
      0.75,
      0.8,
      0.75,
      0.75,
      0.8,
      0.75,
      0.8333333333333334,
      0.8333333333333334,
      0.8333333333333334,
      0.8333333333333334,
      0.8,
      0.8571428571428571,
      0.8571428571428571,
      0.8,
      0.8888888888888888,
      0.875,
      0.875,
      0.8888888888888888,
      0.8333333333333334,
      0.8571428571428571,
      0.9,
      0.875,
      0.8571428571428571,
      0.8888888888888888,
      0.9090909090909091,
      0.8888888888888888,
      0.9166666666666666,
      0.9,
      0.9285714285714286,
      0.9444444444444444,
      0.9411764705882353,
      0.9333333333333333,
      0.9166666666666666,
      0.9285714285714286,
      0.9285714285714286,
      0.95,
      0.9523809523809523,
      0.9545454545454546,
      0.9285714285714286,
      0.9545454545454546,
      0.96,
      0.9666666666666667,
      0.9629629629629629,
      0.9642857142857143,
      0.9655172413793104,
      0.96875,
      0.96,
      0.9642857142857143,
      0.9655172413793104,
      0.9722222222222222,
      0.9722222222222222,
      0.9655172413793104,
      0.96875,
      0.9714285714285714,
      0.9714285714285714,
      0.975609756097561,
      0.9666666666666667,
      0.9722222222222222,
      0.96875,
      0.967741935483871,
      0.9714285714285714,
      0.9696969696969697,
      0.9696969696969697,
      0.9705882352941176,
      0.96875,
      0.96875
    ],
    "margin": [
      0.009633390600989025,
      0.45906131015042984,
      0.0017856871674439942,
      0.005177253560338055,
      0.0024489374816836712,
      0.06971013355862478,
      0.019173602547168597,
      0.05269504882085143,
      0.029136165442583403,
      0.10548312033239095,
      0.15306078787028324,
      0.15755852135506004,
      0.21203659139521358,
      0.1361822001525597,
      0.17507487822009027,
      0.14633900804856476,
      0.23044008464252905,
      0.2338737818658524,
      0.284363517382869,
      0.3128051025964983,
      0.10188641493487297,
      0.14383550955653535,
      0.3073229977571937,
      0.24072677621431585,
      0.027519186954844618,
      0.08418076224376084,
      0.14165070739001823,
      0.20597313770177839,
      0.12935857545173313,
      0.2427540977346067,
      0.37680897671616864,
      0.534157658570356,
      0.4698808888660328,
      0.47798473295221966,
      0.2824985792896314,
      0.46672587203478255,
      0.6329073772619005,
      0.5374408621513153,
      0.616532019824531,
      0.45654486281219747,
      0.5686241838000305,
      0.6788926822535902,
      0.6602376109524836,
      0.6991220075508626,
      0.6261505274860545,
      0.5364472330131436,
      0.5175614305263703,
      0.6563926011924582,
      0.4202565805851504,
      0.505840819319616,
      0.3728003896269618,
      0.39578458073293105,
      0.5654023866451464,
      0.07175529365280675,
      0.014119299337023201,
      0.3771928477762729,
      0.0900421802820664,
      0.46003216726646745,
      0.2483809244037083,
      0.12231245994896585,
      0.3782900051265451,
      0.22238299168527798,
      0.29465729550153397,
      0.027717796701607633,
      0.17541888422253313,
      0.03143293891308412,
      0.0011215373933956504,
      0.30378137794104615,
      0.011321518903158672,
      0.003762789251598426,
      0.013055048035053552,
      0.03454410529555158,
      0.425194294753204,
      0.00933779726018689,
      0.026356017436368815,
      0.014092405171595932,
      0.00036849948752752724,
      0.009054244846493162,
      0.013022041160917618,
      0.007720391951419989,
      0.014270020190589105,
      0.016351146112338157,
      0.2663506287262667,
      0.035360262158439126,
      0.0058849962349484496,
      0.06106318367893235,
      0.0012228912701999978,
      0.0008966887633834277,
      0.09809127465828314,
      0.004607029554666201,
      0.0013380064969596298,
      0.00030620086861218523,
      0.012000356116071373,
      0.00528381580943825,
      0.03583160352329478,
      0.021194955086645723,
      0.03619017947803289
    ],