{
  "model": "gpt2",
  "tap": -1,
  "gates": {
    "pi_max": 0.1,
    "margin_min": 0.04,
    "S_median_min": 0.55,
    "r_trend_min": 0.9
  },
  "center": [
    1.0398662702263248,
    -0.46983990844320256
  ],
  "warp": {
    "sigma": 0.8086185546639345,
    "local_radius": 1.35,
    "depth_scale": 1.35,
    "mix_z": 0.12
  },
  "phantom": {
    "mode": "depth_weighted",
    "beta": 6.5,
    "nms_radius": 7
  },
  "pre": {
    "phantom_index": 0.8571428571428571,
    "margin_norm": 0.6732144536318875,
    "S_median": 0.19568863618231647,
    "debug": {
      "n_all": 8,
      "n_after_nms": 7,
      "U_rng": 0.12328829795887691
    }
  },
  "post": {
    "phantom_index": 0.9722222222222222,
    "margin_norm": 0.09726180824140893,
    "S_median": 0.2022477870248054,
    "r_trend_tokens": 0.45590271623537754,
    "debug": {
      "n_all": 38,
      "n_after_nms": 36,
      "U_rng": 0.04423550520228875
    }
  },
  "improve": {
    "d_phantom_index": 0.11507936507936511,
    "d_margin_norm": -0.5759526453904785,
    "d_S_median": 0.0065591508424889255
  },
  "hist": {
    "pi": [
      0.8571428571428571,
      0.875,
      0.875,
      0.8571428571428571,
      0.8571428571428571,
      0.875,
      0.875,
      0.8571428571428571,
      0.8571428571428571,
      0.8571428571428571,
      0.8571428571428571,
      0.8571428571428571,
      0.8571428571428571,
      0.8571428571428571,
      0.8333333333333334,
      0.8333333333333334,
      0.8333333333333334,
      0.8333333333333334,
      0.8333333333333334,
      0.8333333333333334,
      0.8333333333333334,
      0.8,
      0.8,
      0.75,
      0.75,
      0.75,
      0.75,
      0.75,
      0.75,
      0.8,
      0.75,
      0.75,
      0.75,
      0.75,
      0.75,
      0.75,
      0.75,
      0.8,
      0.75,
      0.8,
      0.8333333333333334,
      0.8,
      0.8,
      0.8333333333333334,
      0.8,
      0.8333333333333334,
      0.8333333333333334,
      0.8333333333333334,
      0.8333333333333334,
      0.8,
      0.8,
      0.8571428571428571,
      0.8333333333333334,
      0.8571428571428571,
      0.8333333333333334,
      0.875,
      0.9090909090909091,
      0.875,
      0.9090909090909091,
      0.9090909090909091,
      0.9230769230769231,
      0.9333333333333333,
      0.9166666666666666,
      0.9375,
      0.9285714285714286,
      0.9285714285714286,
      0.9411764705882353,
      0.95,
      0.9333333333333333,
      0.95,
      0.95,
      0.9545454545454546,
      0.9545454545454546,
      0.9444444444444444,
      0.95,
      0.9523809523809523,
      0.9545454545454546,
      0.9583333333333334,
      0.96,
      0.967741935483871,
      0.9666666666666667,
      0.9696969696969697,
      0.967741935483871,
      0.96875,
      0.9714285714285714,
      0.9722222222222222,
      0.9696969696969697,
      0.9696969696969697,
      0.9705882352941176,
      0.9736842105263158,
      0.9714285714285714,
      0.9743589743589743,
      0.9666666666666667,
      0.96875,
      0.9666666666666667,
      0.9705882352941176,
      0.9722222222222222
    ],
    "margin": [
      0.8079177871377323,
      0.831911526226516,
      0.8132071647958594,
      0.7703928606821131,
      0.7311154633099011,
      0.7163461416169441,
      0.7260676960433458,
      0.7150951060293546,
      0.6899445686957639,
      0.6418652605872157,
      0.622908993222232,
      0.5975464553022709,
      0.5145387080186891,
      0.2739069475928481,
      0.023917508270728118,
      0.1531779632147513,
      0.2961471403860006,
      0.41197172583731445,
      0.5033988310026847,
      0.4418865986771194,
      0.22875806852899333,
      0.03910224439109818,
      0.1306160851564382,
      0.29692260055873987,
      0.4248459856850918,
      0.5026713903681762,
      0.5236827221869205,
      0.6015617141014634,
      0.6476360277100692,
      0.7000976479827594,
      0.7568354479015488,
      0.8077060564772359,
      0.8341076255463173,
      0.8582996637438634,
      0.8910227413153614,
      0.9017299903687523,
      0.9112047017377126,
      0.9143353494763351,
      0.923112777127712,
      0.9363549846248267,
      0.8882286291805697,
      0.8663000129187615,
      0.8697986004663867,
      0.8759546473061427,
      0.8382011126705464,
      0.8408319349454265,
      0.7505439231032598,
      0.9007157367501973,
      0.7014508639256846,
      0.7495165650791787,
      0.702485373151645,
      0.18227204695468965,
      0.3308331475528693,
      0.09179609647377318,
      0.1687552216142578,
      0.05179844757773202,
      0.3785408733441583,
      0.020059286956712278,
      0.49315129966656757,
      0.400724276970598,
      0.03288828771239706,
      0.3638027588011992,
      0.023663981872935155,
      0.043368964568999996,
      0.05915666346938637,
      0.4115940976229797,
      0.21838583241347287,
      0.05257456951560495,
      0.2679568847534634,
      0.14874491853114305,
      0.1124813352126689,
      0.06345647543208506,
      0.17267507837908452,
      0.12817313954835266,
      0.22015422423077294,
      0.12068513395488872,
      0.11724968161444817,
      0.10682340056678741,
      0.004145699639705672,
      0.17789458927140395,
      0.1800697367678913,
      0.15084989170785637,
      0.14881339708795305,
      0.019549312186366692,
      0.179896903865295,
      0.17587920402428006,
      0.16190309224831234,
      0.06813372052638411,
      0.18553142101706013,
      0.18305990924826168,
      0.2066382454060928,
      0.3359023687780525,
      0.38168683618525134,
      0.27388624967535813,
      0.18844436530827766,
      0.2002799198009841,
      0.09726180824140893
    ],