{
  "model": "gpt2",
  "tap": -2,
  "gates": {
    "pi_max": 0.1,
    "margin_min": 0.04,
    "S_median_min": 0.55,
    "r_trend_min": 0.9
  },
  "center": [
    1.5067418065308693,
    -0.24277882132913065
  ],
  "warp": {
    "sigma": 1.698258078066308,
    "local_radius": 1.35,
    "depth_scale": 1.35,
    "mix_z": 0.12
  },
  "phantom": {
    "mode": "depth_weighted",
    "beta": 6.5,
    "nms_radius": 7
  },
  "pre": {
    "phantom_index": 0.6666666666666666,
    "margin_norm": 0.011715903088947962,
    "S_median": 0.19918154327528984,
    "debug": {
      "n_all": 4,
      "n_after_nms": 3,
      "U_rng": 0.5243336440913752
    }
  },
  "post": {
    "phantom_index": 0.9705882352941176,
    "margin_norm": 0.0005389622355704615,
    "S_median": 0.18422681417720463,
    "r_trend_tokens": 0.4674250171639631,
    "debug": {
      "n_all": 36,
      "n_after_nms": 34,
      "U_rng": 0.04087598852148421
    }
  },
  "improve": {
    "d_phantom_index": 0.303921568627451,
    "d_margin_norm": -0.0111769408533775,
    "d_S_median": -0.014954729098085207
  },
  "hist": {
    "pi": [
      0.6666666666666666,
      0.6666666666666666,
      0.75,
      0.6666666666666666,
      0.6666666666666666,
      0.6666666666666666,
      0.6666666666666666,
      0.6666666666666666,
      0.75,
      0.8,
      0.8,
      0.8,
      0.8,
      0.75,
      0.75,
      0.75,
      0.75,
      0.8,
      0.75,
      0.75,
      0.8,
      0.8,
      0.75,
      0.75,
      0.8,
      0.8,
      0.8,
      0.8,
      0.8,
      0.8,
      0.8,
      0.8,
      0.8,
      0.8,
      0.8,
      0.8,
      0.8,
      0.75,
      0.75,
      0.75,
      0.8333333333333334,
      0.8333333333333334,
      0.8,
      0.8333333333333334,
      0.8571428571428571,
      0.8333333333333334,
      0.875,
      0.8333333333333334,
      0.8333333333333334,
      0.8333333333333334,
      0.875,
      0.8571428571428571,
      0.8333333333333334,
      0.8333333333333334,
      0.9090909090909091,
      0.8888888888888888,
      0.9090909090909091,
      0.9,
      0.9166666666666666,
      0.9230769230769231,
      0.9333333333333333,
      0.9333333333333333,
      0.9444444444444444,
      0.9375,
      0.9523809523809523,
      0.9523809523809523,
      0.9545454545454546,
      0.9545454545454546,
      0.95,
      0.9565217391304348,
      0.9615384615384616,
      0.96,
      0.9642857142857143,
      0.9642857142857143,
      0.9642857142857143,
      0.9655172413793104,
      0.967741935483871,
      0.9666666666666667,
      0.9666666666666667,
      0.9705882352941176,
      0.9722222222222222,
      0.9722222222222222,
      0.9736842105263158,
      0.9705882352941176,
      0.9705882352941176,
      0.9722222222222222,
      0.96875,
      0.9666666666666667,
      0.9642857142857143,
      0.9696969696969697,
      0.9655172413793104,
      0.9714285714285714,
      0.9714285714285714,
      0.96875,
      0.967741935483871,
      0.9705882352941176,
      0.9705882352941176
    ],
    "margin": [
      0.009633390600989025,
      0.007007638855781651,
      0.0024758325926000522,
      0.02479693483960103,
      0.0513187821466093,
      0.06740397507012452,
      0.1212681807897347,
      0.12070360458651788,
      0.03976007531949289,
      0.025173851771055283,
      0.03035442599022238,
      0.04256082108920544,
      0.019845946190910638,
      0.07692123359969288,
      0.0026627458936489944,
      0.07328370292474096,
      0.07500486321879504,
      0.14781730196479437,
      0.13762374218105408,
      0.036015591246898376,
      0.06406592131625775,
      0.09715786196849291,
      0.21144176934327363,
      0.03306154855949576,
      0.4052697248470715,
      0.2802283095528378,
      0.29938622078879107,
      0.4046700693873126,
      0.48105918217623717,
      0.3551570197428788,
      0.5011196796117517,
      0.570117911043222,
      0.5918085268258015,
      0.6391031265195687,
      0.6484678300066444,
      0.6203098350495747,
      0.6992956912238267,
      0.6400228979745073,
      0.5748817261570712,
      0.7135096180341816,
      0.3740091054260923,
      0.766764728228879,
      0.7330669106336566,
      0.5430644691213699,
      0.54537498511734,
      0.46365126451399735,
      0.6253863125413694,
      0.034601284949746104,
      0.050697425739207984,
      0.6530609332498095,
      0.5260879125844243,
      0.33465268137591153,
      0.323143757608009,
      0.5212956762627423,
      0.20505405499869925,
      0.017365822239426964,
      0.22218456961483535,
      0.03898086511340189,
      0.1721021611437642,
      0.08587681447233955,
      0.055257671155306644,
      0.030893109463736093,
      0.03607973582800477,
      0.0516814370908724,
      0.00413130270177395,
      0.003153897414893166,
      4.665671433294855e-05,
      0.014803890417852388,
      0.04820587843476257,
      0.0032775853133092557,
      0.035931794155885245,
      0.013635166313035161,
      0.007107796861430962,
      0.00015924943661648752,
      0.39356624341821483,
      0.012936821347119492,
      0.0023729718891799274,
      0.004133729126870922,
      0.11811720220945805,
      0.029559566018812274,
      0.011024507242100951,
      0.004693670527738872,
      0.028705774060903376,
      0.002859954111114468,
      0.006637068479662578,
      0.0369676193144628,
      0.019119965641303045,
      0.021863720810561853,
      0.41567278730677437,
      0.006862047602636318,
      0.01030459309843356,
      0.033240889211176586,
      0.0030286548043326218,
      0.004169926786460108,
      0.010941170801154438,
      0.0046182568757280155,
      0.0005389622355704615
    ],