{
  "model": "gpt2",
  "tap": -2,
  "gates": {
    "pi_max": 0.1,
    "margin_min": 0.04,
    "S_median_min": 0.55,
    "r_trend_min": 0.9
  },
  "center": [
    1.5067418065308693,
    -0.24277882132913065
  ],
  "warp": {
    "sigma": 1.698258078066308,
    "local_radius": 1.35,
    "depth_scale": 1.35,
    "mix_z": 0.12
  },
  "phantom": {
    "mode": "depth_weighted",
    "beta": 6.5,
    "nms_radius": 7
  },
  "pre": {
    "phantom_index": 0.6666666666666666,
    "margin_norm": 0.011715903088947962,
    "S_median": 0.19918154327528984,
    "debug": {
      "n_all": 4,
      "n_after_nms": 3,
      "U_rng": 0.5243336440913752
    }
  },
  "post": {
    "phantom_index": 0.9705882352941176,
    "margin_norm": 0.02212472061615672,
    "S_median": 0.16514970680626181,
    "r_trend_tokens": 0.4681645649724765,
    "debug": {
      "n_all": 38,
      "n_after_nms": 34,
      "U_rng": 0.04078488105686424
    }
  },
  "improve": {
    "d_phantom_index": 0.303921568627451,
    "d_margin_norm": 0.010408817527208758,
    "d_S_median": -0.03403183646902802
  },
  "hist": {
    "pi": [
      0.6666666666666666,
      0.8,
      0.75,
      0.5,
      0.5,
      0.6666666666666666,
      0.75,
      0.6666666666666666,
      0.6666666666666666,
      0.75,
      0.75,
      0.6666666666666666,
      0.6666666666666666,
      0.6666666666666666,
      0.75,
      0.8,
      0.75,
      0.75,
      0.75,
      0.75,
      0.75,
      0.6666666666666666,
      0.75,
      0.6666666666666666,
      0.75,
      0.75,
      0.75,
      0.75,
      0.75,
      0.75,
      0.75,
      0.8,
      0.8,
      0.8333333333333334,
      0.8,
      0.75,
      0.8333333333333334,
      0.8333333333333334,
      0.8571428571428571,
      0.8333333333333334,
      0.875,
      0.8333333333333334,
      0.8888888888888888,
      0.9,
      0.9090909090909091,
      0.9090909090909091,
      0.9,
      0.9090909090909091,
      0.9333333333333333,
      0.9090909090909091,
      0.9375,
      0.9411764705882353,
      0.95,
      0.9444444444444444,
      0.9473684210526315,
      0.95,
      0.95,
      0.9565217391304348,
      0.9545454545454546,
      0.9565217391304348,
      0.95,
      0.9642857142857143,
      0.9629629629629629,
      0.9666666666666667,
      0.9705882352941176,
      0.9714285714285714,
      0.9655172413793104,
      0.96875,
      0.9629629629629629,
      0.9705882352941176,
      0.9705882352941176,
      0.9705882352941176,
      0.9655172413793104,
      0.9696969696969697,
      0.96875,
      0.9722222222222222,
      0.9722222222222222,
      0.9705882352941176,
      0.9722222222222222,
      0.972972972972973,
      0.9615384615384616,
      0.9583333333333334,
      0.9722222222222222,
      0.9666666666666667,
      0.9714285714285714,
      0.9655172413793104,
      0.967741935483871,
      0.9714285714285714,
      0.96875,
      0.9714285714285714,
      0.9705882352941176,
      0.972972972972973,
      0.96875,
      0.9705882352941176,
      0.9722222222222222,
      0.9696969696969697,
      0.9705882352941176,
      0.9714285714285714,
      0.96875,
      0.96,
      0.96,
      0.967741935483871,
      0.9696969696969697,
      0.9705882352941176,
      0.96875,
      0.972972972972973,
      0.9761904761904762,
      0.975609756097561,
      0.9705882352941176,
      0.967741935483871,
      0.9714285714285714,
      0.9666666666666667,
      0.967741935483871,
      0.967741935483871,
      0.9642857142857143,
      0.9705882352941176,
      0.9722222222222222,
      0.967741935483871,
      0.9705882352941176,
      0.9696969696969697,
      0.972972972972973,
      0.9736842105263158,
      0.9696969696969697,
      0.9705882352941176,
      0.975,
      0.9714285714285714,
      0.975,
      0.96875,
      0.9705882352941176
    ],
    "margin": [
      0.009633390600989025,
      0.01092856549301302,
      0.022592758656539032,
      0.039918189793542745,
      0.10204476363739635,
      0.008101794927793659,
      0.06445727334291815,
      0.06552628514651791,
      0.1234192519435949,
      0.02741359518687146,
      0.18169506418877607,
      0.08618608047721912,
      0.23470002936056272,
      0.09751336689913716,
      0.26160533174118755,
      0.07344099383798243,
      0.12344487717082682,
      0.18846859170417102,
      0.07511328124391912,
      0.3020652921964649,
      0.1829364230575678,
      0.09291013001210043,
      0.35686894767958033,
      0.4302008756928901,
      0.411070839102266,
      0.5283099356866727,
      0.5059534803569179,
      0.5211783491328442,
      0.3916269412504683,
      0.6348871567275628,
      0.45847676826041045,
      0.6966723253329398,
      0.46976296826143715,
      0.11202254096762357,
      0.44451262312578105,
      0.1465586924143749,
      0.40036200687773355,
      0.12371667825492635,
      0.23166222059140448,
      0.5805804500492979,
      0.6057150822643786,
      0.30674877452958826,
      0.009801375419647389,
      0.328908382290798,
      0.20509881094586543,
      0.26684546661216807,
      0.10267553042823485,
      0.07188464834524011,
      0.042569953014721225,
      0.37408192371358495,
      0.422662813449606,
      0.17972528785817013,
      0.0036671793072837735,
      0.5175512460834804,
      0.29214979193296353,
      0.020370859451828868,
      0.01960974329198735,
      0.06315071427350233,
      0.3514450728232839,
      0.07027779850846914,
      0.29904517396916414,
      0.030526407860616982,
      0.02453192316361186,
      0.03076252973674879,
      0.05102609041946422,
      0.009386016993158625,
      0.025262441183822978,
      0.03211156245413761,
      0.005854404315170888,
      0.00999312341205868,
      0.00035961451766910064,
      0.004336630552866942,
      0.0009646273264867528,
      0.011694384996878837,
      0.03870645634707355,
      0.003864252950097231,
      0.005827739552356245,
      0.0669155271875492,
      0.01690322260736254,
      0.0062130153535391005,
      0.13725547060548338,
      0.012099763094109043,
      0.04648943188565836,
      0.09468660896341802,
      0.006715759550450366,
      0.005594715583543853,
      0.2787820908184559,
      0.02723661568159172,
      0.02397762341552689,
      0.013937431092465934,
      0.0005796822832953723,
      0.021520296881871664,
      0.006640052581438145,
      0.017932689252789853,
      0.014211282614582653,
      0.014264303473555477,
      0.007481711116997708,
      0.00036238602890730496,
      0.013646167532973806,
      0.44953102130265665,
      0.03349753113725249,
      0.11418818869601464,
      0.04470338426565832,
      0.004249352430733246,
      0.01047027018991178,
      0.0034392617283948933,
      0.016109608441959692,
      0.03222805838053891,
      0.384865589255499,
      0.0017201766540327393,
      0.0016894155680439917,
      0.0008682230129927936,
      0.0027619868211972032,
      0.004699627494111906,
      0.04533658734078547,
      0.004691082566075289,
      0.0005955187531492068,
      0.016881562631778126,
      0.010235296078551268,
      0.0015683008287691804,
      0.0018110042587912787,
      0.46254780087818437,
      0.004580104239779666,
      0.023717695648375794,
      0.002783306302909598,
      0.002180247058233152,
      9.266792015565875e-05,
      0.00010988016860147841,
      0.02212472061615672
    ],