{
  "model": "gpt2",
  "tap": -2,
  "gates": {
    "pi_max": 0.1,
    "margin_min": 0.04,
    "S_median_min": 0.55,
    "r_trend_min": 0.9
  },
  "center": [
    1.5067418065308693,
    -0.24277882132913065
  ],
  "warp": {
    "sigma": 1.698258078066308,
    "local_radius": 1.35,
    "depth_scale": 1.35,
    "mix_z": 0.12
  },
  "phantom": {
    "mode": "depth_weighted",
    "beta": 6.5,
    "nms_radius": 7
  },
  "pre": {
    "phantom_index": 0.6666666666666666,
    "margin_norm": 0.011715903088947962,
    "S_median": 0.19918154327528984,
    "debug": {
      "n_all": 4,
      "n_after_nms": 3,
      "U_rng": 0.5243336440913752
    }
  },
  "post": {
    "phantom_index": 0.9722222222222222,
    "margin_norm": 0.0002726084159262807,
    "S_median": 0.18917717155896852,
    "r_trend_tokens": 0.4670814526824676,
    "debug": {
      "n_all": 37,
      "n_after_nms": 36,
      "U_rng": 0.06192915323305929
    }
  },
  "improve": {
    "d_phantom_index": 0.3055555555555556,
    "d_margin_norm": -0.011443294673021681,
    "d_S_median": -0.01000437171632132
  },
  "hist": {
    "pi": [
      0.6666666666666666,
      0.75,
      0.8,
      0.6666666666666666,
      0.6666666666666666,
      0.6666666666666666,
      0.6666666666666666,
      0.6666666666666666,
      0.6666666666666666,
      0.6666666666666666,
      0.6666666666666666,
      0.6666666666666666,
      0.75,
      0.6666666666666666,
      0.6666666666666666,
      0.6666666666666666,
      0.75,
      0.6666666666666666,
      0.75,
      0.75,
      0.75,
      0.75,
      0.8,
      0.8,
      0.6666666666666666,
      0.8,
      0.8333333333333334,
      0.8333333333333334,
      0.8333333333333334,
      0.8,
      0.8333333333333334,
      0.8333333333333334,
      0.8571428571428571,
      0.8333333333333334,
      0.8888888888888888,
      0.8888888888888888,
      0.875,
      0.9090909090909091,
      0.9,
      0.9090909090909091,
      0.8571428571428571,
      0.8571428571428571,
      0.9090909090909091,
      0.9090909090909091,
      0.9090909090909091,
      0.875,
      0.9090909090909091,
      0.9333333333333333,
      0.9411764705882353,
      0.9523809523809523,
      0.9565217391304348,
      0.9545454545454546,
      0.95,
      0.9545454545454546,
      0.9523809523809523,
      0.96,
      0.9583333333333334,
      0.9655172413793104,
      0.9714285714285714,
      0.9666666666666667,
      0.9666666666666667,
      0.9705882352941176,
      0.9629629629629629,
      0.9629629629629629,
      0.967741935483871,
      0.975,
      0.96875,
      0.9722222222222222,
      0.972972972972973,
      0.967741935483871,
      0.9696969696969697,
      0.967741935483871,
      0.9629629629629629,
      0.9705882352941176,
      0.9655172413793104,
      0.967741935483871,
      0.96875,
      0.9743589743589743,
      0.9629629629629629,
      0.9696969696969697,
      0.967741935483871,
      0.9655172413793104,
      0.9696969696969697,
      0.96875,
      0.9705882352941176,
      0.9714285714285714,
      0.967741935483871,
      0.9629629629629629,
      0.9615384615384616,
      0.9696969696969697,
      0.9696969696969697,
      0.96875,
      0.9722222222222222,
      0.9714285714285714,
      0.9722222222222222,
      0.9714285714285714,
      0.9696969696969697,
      0.9722222222222222,
      0.9722222222222222,
      0.9642857142857143,
      0.9666666666666667,
      0.9655172413793104,
      0.9642857142857143,
      0.9705882352941176,
      0.9629629629629629,
      0.9583333333333334,
      0.9565217391304348,
      0.9629629629629629,
      0.9655172413793104,
      0.9629629629629629,
      0.9615384615384616,
      0.96,
      0.967741935483871,
      0.9705882352941176,
      0.9705882352941176,
      0.9705882352941176,
      0.9696969696969697,
      0.9655172413793104,
      0.9714285714285714,
      0.9696969696969697,
      0.9722222222222222,
      0.9696969696969697,
      0.967741935483871,
      0.9696969696969697,
      0.9655172413793104,
      0.9705882352941176,
      0.9642857142857143,
      0.9696969696969697,
      0.9722222222222222
    ],
    "margin": [
      0.009633390600989025,
      0.014604383112102666,
      0.02280571025742398,
      0.16333296453090665,
      0.025234179982794133,
      0.0009720285516949474,
      0.06962551967657578,
      0.08470373880689142,
      0.09054134164123999,
      0.143974737799495,
      0.20146423934273966,
      0.18338081206735818,
      0.1643960491453641,
      0.21014521408476142,
      0.16440640594143519,
      0.1471822478652623,
      0.040027018494520734,
      0.009195301828715884,
      0.0014321928096516054,
      0.0713562544976993,
      0.40167193296037607,
      0.10660632990161666,
      0.1842096679058699,
      0.2517011289052159,
      0.28595545169064907,
      0.5223679275612437,
      0.642048304681819,
      0.57761587622981,
      0.2566102017358397,
      0.4577885935704102,
      0.4482497234239727,
      0.13198365613907398,
      0.09378866016148112,
      0.1331401330127263,
      0.005678396426098822,
      0.3568857403214187,
      0.2181817422861815,
      0.019995411489812372,
      0.06050381874360688,
      0.3498687268383624,
      0.043846887595006656,
      0.2506331319430555,
      0.003660941547573902,
      0.28142580373354026,
      0.012761474944481923,
      0.04718027694695147,
      0.01741534609230451,
      0.02334074924834715,
      0.013474960910813242,
      0.016506554468993007,
      0.00022235091842329421,
      0.008800115934757918,
      0.024851868579882985,
      0.008317557439649483,
      0.003835212667563852,
      0.018077934584095054,
      0.036772679240935094,
      0.005497842221787989,
      0.005192878366653948,
      0.002446776157056253,
      0.018737417754031795,
      0.000321447407385629,
      0.005185556012817107,
      0.018145773461334225,
      0.28508877771407864,
      0.0003327901867070375,
      0.004542918199614554,
      0.0016105912988832393,
      0.15269644650162206,
      0.00980387571344182,
      0.0019885895576336136,
      0.02707685830851978,
      0.038415152233607835,
      0.018259863923655247,
      0.022043978667922296,
      0.030373685952958657,
      0.02368345812407764,
      0.004492984826360484,
      0.21687354759325633,
      0.004942848013500821,
      0.007387096894407688,
      0.002403352450062524,
      0.021206412402042144,
      0.006440832319630439,
      0.34973359142794036,
      0.0005106417621316035,
      0.0014796215720038,
      0.012342369401209821,
      0.004562753570478253,
      0.4196571043111872,
      0.006223018406619365,
      0.008932319111168046,
      0.005839476040022772,
      0.0042624574425182684,
      0.010066704482131723,
      0.0001305816866516095,
      0.002060114081867096,
      0.0015512779236547976,
      0.02927085515199566,
      0.005563721529959873,
      0.0515186752527037,
      0.0494257433866672,
      0.019949258521519526,
      0.018287307553600158,
      0.0016509741001330556,
      0.17654001177079157,
      0.0022158621717539816,
      0.014431564952573478,
      0.0150892191166649,
      0.33300431241580447,
      0.04205356410410321,
      0.018135977040050794,
      6.430080679439056e-05,
      0.003210886779497187,
      0.009548371753039828,
      0.021995708805846947,
      0.015954932603862968,
      0.3747961918160052,
      0.0032533434989417383,
      0.015476444799994628,
      0.01730380222138919,
      0.0010208720880368178,
      0.0013253418981178156,
      0.015815784738160223,
      0.44630770400047376,
      0.08129351501548576,
      0.03465255470771766,
      0.005956943238883841,
      0.0002726084159262807
    ],