{
  "phantom_index": 0.8888888888888888,
  "margin_norm": 0.12499999607314724,
  "S_median": 0.17391234379053291,
  "r_trend_tokens": 0.44962929531999324
}