{
  "phantom_index": 0.75,
  "margin_norm": 0.1426005220544121,
  "S_median": 0.19918153916817954,
  "r_trend_tokens": 0.4665001902296813
}