{
  "phantom_index": 0.8888888888888888,
  "margin_norm": 0.22826939883218356,
  "S_median": 0.19568863255766714,
  "r_trend_tokens": 0.48192292158157013
}