{
  "phantom_index": 0.9821428571428571,
  "margin_norm": 0.07136615436888397,
  "S_median": 0.19700268462342432,
  "r_trend_tokens": 0.45397683824889706
}