{
  "mode": "ngf",
  "model": "gpt2",
  "split": "validation",
  "n": 1000,
  "accuracy": 0.355,
  "correct": 355,
  "elapsed_sec": 265.2732651233673,
  "device": "cpu",
  "ngf_status": "NGF attached via ngf_hooks_v2:attach_ngf_hooks with cfg={'tap': -9, 'alpha0': 0.06, 'alpha_min': 0.012, 'trend_tau': 0.3, 'k_tr': 12, 'use_detect': 1, 'detect_width': 22, 'detect_sigma': 4.5, 'null_K': 32, 'null_q': 0.92, 'k_det': 8, 's_latch': 0.35, 'linger': 3, 'ema_center_beta': 0.04, 'gen_mode': 'geo', 'save_hidden': 1, 'hidden_dump_dir': 'results/maxwarpD3'}",
  "metrics": {
    "accuracy_top1": 0.355,
    "accuracy_top2": 0.614,
    "macro": {
      "precision": 0.35419923371647766,
      "recall": 0.3542787141604441,
      "f1": 0.3541998161607398
    },
    "micro": {
      "precision": 0.35499999999999965,
      "recall": 0.35499999999999965,
      "f1": 0.3549999999999998
    },
    "per_class": [
      {
        "precision": 0.37547892720306747,
        "recall": 0.37262357414448904,
        "f1": 0.37404580152621997
      },
      {
        "precision": 0.33333333333333626,
        "recall": 0.3275862068965546,
        "f1": 0.33043478260819864
      },
      {
        "precision": 0.3639846743295043,
        "recall": 0.3769841269841294,
        "f1": 0.37037037036987297
      },
      {
        "precision": 0.34400000000000264,
        "recall": 0.3399209486166034,
        "f1": 0.34194831013866767
      }
    ],
    "confusion_matrix": [
      [
        98,
        57,
        57,
        51
      ],
      [
        55,
        76,
        47,
        54
      ],
      [
        52,
        46,
        95,
        59
      ],
      [
        56,
        49,
        62,
        86
      ]
    ],
    "calibration": {
      "ece_10": 0.07150633119722752,
      "brier": 0.7397651281851142,
      "mean_margin": 0.15544079439082123,
      "entropy": 1.2536744526095662
    },
    "overconfidence_rate": {
      "wrong_p>=0.90": 0.0,
      "wrong_p>=0.70": 0.009
    }
  }
}