{
  "mode": "ngf",
  "model": "gpt2",
  "split": "validation",
  "n": 1000,
  "accuracy": 0.323,
  "correct": 323,
  "elapsed_sec": 263.8647668361664,
  "device": "cpu",
  "ngf_status": "NGF attached via ngf_hooks:attach_ngf_hooks with cfg={'tap': -9, 'alpha0': 0.05, 'alpha_min': 0.006, 'trend_tau': 0.32, 'k_tr': 12, 'use_detect': 1, 'detect_width': 20, 'detect_sigma': 5.0, 'null_K': 32, 'null_q': 0.92, 'k_det': 8, 's_latch': 0.3, 'linger': 2, 'ema_center_beta': 0.05, 'gen_mode': 'geo'}",
  "metrics": {
    "accuracy_top1": 0.323,
    "accuracy_top2": 0.61,
    "macro": {
      "precision": 0.3221521743463268,
      "recall": 0.3223519797390684,
      "f1": 0.3221685027496191
    },
    "micro": {
      "precision": 0.3229999999999997,
      "recall": 0.3229999999999997,
      "f1": 0.32299999999999984
    },
    "per_class": [
      {
        "precision": 0.3222222222222247,
        "recall": 0.33079847908745497,
        "f1": 0.32645403377060955
      },
      {
        "precision": 0.288135593220342,
        "recall": 0.2931034482758651,
        "f1": 0.29059829059779363
      },
      {
        "precision": 0.3686274509803946,
        "recall": 0.37301587301587547,
        "f1": 0.3708086785004887
      },
      {
        "precision": 0.30962343096234596,
        "recall": 0.2924901185770779,
        "f1": 0.30081300812958456
      }
    ],
    "confusion_matrix": [
      [
        87,
        65,
        54,
        57
      ],
      [
        62,
        68,
        45,
        57
      ],
      [
        61,
        46,
        94,
        51
      ],
      [
        60,
        57,
        62,
        74
      ]
    ],
    "calibration": {
      "ece_10": 0.11250521091844151,
      "brier": 0.7495904824173997,
      "mean_margin": 0.1600634549140713,
      "entropy": 1.2285574211465373
    },
    "overconfidence_rate": {
      "wrong_p>=0.90": 0.0,
      "wrong_p>=0.70": 0.007
    }
  }
}