{
  "mode": "ngf",
  "model": "gpt2",
  "split": "validation",
  "n": 1000,
  "accuracy": 0.276,
  "correct": 276,
  "elapsed_sec": 307.14264392852783,
  "device": "cpu",
  "ngf_status": "NGF attached via ngf_hooks:attach_ngf_hooks with cfg={'tap': -9, 'alpha0': 0.05, 'alpha_min': 0.006, 'trend_tau': 0.32, 'k_tr': 12, 'use_detect': 1, 'detect_width': 20, 'detect_sigma': 5.0, 'null_K': 32, 'null_q': 0.92, 'k_det': 8, 's_latch': 0.3, 'linger': 2, 'ema_center_beta': 0.05, 'gen_mode': 'geo'}",
  "metrics": {
    "accuracy_top1": 0.276,
    "accuracy_top2": 0.531,
    "macro": {
      "precision": 0.2765113374819431,
      "recall": 0.27597695723394333,
      "f1": 0.27588977871812315
    },
    "micro": {
      "precision": 0.2759999999999997,
      "recall": 0.2759999999999997,
      "f1": 0.27599999999999986
    },
    "per_class": [
      {
        "precision": 0.2995780590717329,
        "recall": 0.26996197718631454,
        "f1": 0.2839999999995042
      },
      {
        "precision": 0.24609375000000294,
        "recall": 0.2715517241379342,
        "f1": 0.2581967213109797
      },
      {
        "precision": 0.2880000000000028,
        "recall": 0.28571428571428853,
        "f1": 0.2868525896409371
      },
      {
        "precision": 0.27237354085603394,
        "recall": 0.27667984189723605,
        "f1": 0.2745098039210715
      }
    ],
    "confusion_matrix": [
      [
        71,
        65,
        67,
        60
      ],
      [
        55,
        63,
        54,
        60
      ],
      [
        55,
        58,
        72,
        67
      ],
      [
        56,
        70,
        57,
        70
      ]
    ],
    "calibration": {
      "ece_10": 0.16541087700839666,
      "brier": 0.8072993262280337,
      "mean_margin": 0.17197573124353105,
      "entropy": 1.2269130583056485
    },
    "overconfidence_rate": {
      "wrong_p>=0.90": 0.0,
      "wrong_p>=0.70": 0.009
    }
  }
}