{
  "acc": 0.34,
  "grid": 0.485625,
  "P": 0.65,
  "R": 0.8266666666666665,
  "F1": 0.6919999999999998,
  "J": 0.61,
  "H": 0.35,
  "O": 0.17333333333333337,
  "margin_mu": -0.33039340713994514,
  "margin_min": -2.3486086283371357,
  "PI": 0.964737440500663
}