{
  "mode": "ngf",
  "model": "gpt2",
  "split": "validation",
  "n": 1000,
  "accuracy": 0.322,
  "correct": 322,
  "elapsed_sec": 255.75922775268555,
  "device": "cpu",
  "ngf_status": "NGF attached via ngf_hooks_v1:attach_ngf_hooks with cfg={'tap': -9, 'alpha0': 0.06, 'alpha_min': 0.012, 'trend_tau': 0.3, 'k_tr': 12, 'use_detect': 1, 'detect_width': 22, 'detect_sigma': 4.5, 'null_K': 32, 'null_q': 0.92, 'k_det': 8, 's_latch': 0.35, 'linger': 3, 'ema_center_beta': 0.04, 'gen_mode': 'geo', 'save_hidden': 1, 'hidden_dump_dir': 'results/renoR4'}",
  "metrics": {
    "accuracy_top1": 0.322,
    "accuracy_top2": 0.603,
    "macro": {
      "precision": 0.3213781047407075,
      "recall": 0.32154526169050784,
      "f1": 0.3212172465179929
    },
    "micro": {
      "precision": 0.3219999999999997,
      "recall": 0.3219999999999997,
      "f1": 0.32199999999999984
    },
    "per_class": [
      {
        "precision": 0.3212996389891721,
        "recall": 0.3384030418250975,
        "f1": 0.32962962962913234
      },
      {
        "precision": 0.2958333333333363,
        "recall": 0.30603448275862366,
        "f1": 0.30084745762662174
      },
      {
        "precision": 0.3596837944664057,
        "recall": 0.36111111111111366,
        "f1": 0.36039603960346295
      },
      {
        "precision": 0.30869565217391604,
        "recall": 0.2806324110671965,
        "f1": 0.29399585921275456
      }
    ],
    "confusion_matrix": [
      [
        89,
        65,
        53,
        56
      ],
      [
        61,
        71,
        46,
        54
      ],
      [
        64,
        48,
        91,
        49
      ],
      [
        63,
        56,
        63,
        71
      ]
    ],
    "calibration": {
      "ece_10": 0.11351665368380533,
      "brier": 0.7499630993667186,
      "mean_margin": 0.15990309939181566,
      "entropy": 1.2284383069778932
    },
    "overconfidence_rate": {
      "wrong_p>=0.90": 0.0,
      "wrong_p>=0.70": 0.006
    }
  }
}